backend,implementation,case,status,reason,shape,output_shape,zoom,method,dtype,pattern,repeats,warmups,best_ms,median_ms,mean_ms,speedup_vs_splineops,max_abs_diff,mean_abs_diff,p99_abs_diff,rel_l2_diff
splineops,splineops.resize,2d_linear_down_ramp_f32,ok,,"(256, 256)","(128, 128)","(0.5, 0.5)",linear,float32,ramp,3,1,0.18400200019641488,0.18412000008538598,0.20756300007936565,1.0,0.0,0.0,0.0,0.0
scipy,"scipy.ndimage.zoom(order=1, mode=mirror, no-aa)",2d_linear_down_ramp_f32,ok,,"(256, 256)","(128, 128)","(0.5, 0.5)",linear,float32,ramp,3,1,0.6776329998956498,0.7354009999289701,0.7269513332630595,0.250366806821271,1.1920928955078125e-07,1.8572677618067246e-08,5.960464477539063e-08,5.73804680826472e-08
skimage,"skimage.transform.resize(order=1, aa=False)",2d_linear_down_ramp_f32,ok,,"(256, 256)","(128, 128)","(0.5, 0.5)",linear,float32,ramp,3,1,0.6977340001412813,0.7141440000850707,0.7390476666842005,0.25781915140847383,0.0019608139991760254,0.0006587081122830796,0.0017755180597305298,0.001492175538789896
opencv,cv2.resize(INTER_LINEAR),2d_linear_down_ramp_f32,ok,,"(256, 256)","(128, 128)","(0.5, 0.5)",linear,float32,ramp,3,1,0.14225999984773807,0.14703900001222792,0.14599333326259512,1.2521847949868699,0.001960784662514925,0.0006586932305197024,0.0017755143344402313,0.0014921531018462866
torch,"torch.nn.functional.interpolate(mode=bilinear, align_corners=True, aa=False)",2d_linear_down_ramp_f32,ok,,"(256, 256)","(128, 128)","(0.5, 0.5)",linear,float32,ramp,3,1,0.2532839998821146,0.25673200002529484,0.25998233331847587,0.7171680977332211,1.7881393432617188e-07,2.2013637135387398e-08,1.1920928955078125e-07,6.555921884189505e-08
splineops,splineops.resize,2d_cubic_down_random_f32,ok,,"(256, 256)","(95, 95)","(0.37, 0.37)",cubic,float32,random,3,1,0.5111919999762904,0.5463540001073852,0.630518666715337,1.0,0.0,0.0,0.0,0.0
scipy,"scipy.ndimage.zoom(order=3, mode=mirror, no-aa)",2d_cubic_down_random_f32,ok,,"(256, 256)","(95, 95)","(0.37, 0.37)",cubic,float32,random,3,1,2.1165910000036092,2.13300700011132,2.3062180000579247,0.2561426193532752,2.384185791015625e-07,4.612425035201116e-08,1.7881393432617188e-07,1.1152291843318848e-07
skimage,"skimage.transform.resize(order=3, aa=False)",2d_cubic_down_random_f32,ok,,"(256, 256)","(95, 95)","(0.37, 0.37)",cubic,float32,random,3,1,2.1604710000246996,2.174995000132185,2.1712330000506577,0.2511978188796667,1.060758039355278,0.1949843225179587,0.6863029789924623,0.4473840338471966
opencv,cv2.resize(INTER_CUBIC),2d_cubic_down_random_f32,ok,,"(256, 256)","(95, 95)","(0.37, 0.37)",cubic,float32,random,3,1,0.15904699989732762,0.16280299996651593,0.16401800000191238,3.3559209610372975,1.0761705935001373,0.19267985940917326,0.6731575435400011,0.4423555504100265
torch,"torch.nn.functional.interpolate(mode=bicubic, align_corners=True, aa=False)",2d_cubic_down_random_f32,ok,,"(256, 256)","(95, 95)","(0.37, 0.37)",cubic,float32,random,3,1,0.3619419999267848,0.37161400018703716,0.3686133334213082,1.4702190978606824,0.08616816997528076,0.015781087777538644,0.053669569492340106,0.035872804355700165
splineops,splineops.resize,2d_cubic_aa_down_checker_f32,ok,,"(256, 256)","(95, 95)","(0.37, 0.37)",cubic-antialiasing,float32,checkerboard,3,1,0.8811089999198884,0.8816119998300564,0.8827676665532636,1.0,0.0,0.0,0.0,0.0
scipy,"scipy.ndimage.zoom(order=3, mode=mirror, no-aa)",2d_cubic_aa_down_checker_f32,ok,,"(256, 256)","(95, 95)","(0.37, 0.37)",cubic-antialiasing,float32,checkerboard,3,1,2.122544000030757,2.1247800000310235,2.1263913333010955,0.4149191915479175,0.5726774483919144,0.19221393838960812,0.5400774478912354,0.34475816949944144
skimage,"skimage.transform.resize(order=3, aa=True)",2d_cubic_aa_down_checker_f32,ok,,"(256, 256)","(95, 95)","(0.37, 0.37)",cubic-antialiasing,float32,checkerboard,3,1,3.359108999802629,3.4471550000034767,3.5245173332138315,0.2557506116867873,0.5932554602622986,0.22997400623795233,0.5806575156748295,0.40439410576743107
opencv,cv2.resize(INTER_AREA),2d_cubic_aa_down_checker_f32,ok,,"(256, 256)","(95, 95)","(0.37, 0.37)",cubic-antialiasing,float32,checkerboard,3,1,0.19367400000191992,0.19912800007659825,0.19801799999186187,4.427363301448958,0.6044363975524902,0.22650921541150051,0.5769428908824921,0.4005206400901423
torch,"torch.nn.functional.interpolate(mode=bicubic, align_corners=True, aa=True)",2d_cubic_aa_down_checker_f32,ok,,"(256, 256)","(95, 95)","(0.37, 0.37)",cubic-antialiasing,float32,checkerboard,3,1,0.44831099990005896,0.45737599998574296,0.46788899999228306,1.9275432026550092,0.6818313598632812,0.3268310294186571,0.6721647608280182,0.5415283515718657
splineops,splineops.resize,2d_linear_down_random_f32,ok,,"(512, 512)","(189, 189)","(0.37, 0.37)",linear,float32,random,3,1,0.2901689999816881,0.30386999992515484,0.3339253332796943,1.0,0.0,0.0,0.0,0.0
scipy,"scipy.ndimage.zoom(order=1, mode=mirror, no-aa)",2d_linear_down_random_f32,ok,,"(512, 512)","(189, 189)","(0.37, 0.37)",linear,float32,random,3,1,1.2196780000977014,1.2480140001116524,1.2597956667074566,0.24348284546324753,1.1920928955078125e-07,1.8446293070356296e-08,5.960464477539063e-08,5.7867893469632926e-08
skimage,"skimage.transform.resize(order=1, aa=False)",2d_linear_down_random_f32,ok,,"(512, 512)","(189, 189)","(0.37, 0.37)",linear,float32,random,3,1,1.2345800000730378,1.2471709999317682,1.2510456667011265,0.24364742280070603,0.7818573638796806,0.13809002927897882,0.4977993428707141,0.3349456160269827
opencv,cv2.resize(INTER_LINEAR),2d_linear_down_random_f32,ok,,"(512, 512)","(189, 189)","(0.37, 0.37)",linear,float32,random,3,1,0.22449499988397292,0.225550000095609,0.22635733337968608,1.347240078902002,0.7818573638796806,0.1380900287514614,0.4977993279695529,0.33494561493183844
torch,"torch.nn.functional.interpolate(mode=bilinear, align_corners=True, aa=False)",2d_linear_down_random_f32,ok,,"(512, 512)","(189, 189)","(0.37, 0.37)",linear,float32,random,3,1,0.33058700000765384,0.33606300007704704,0.3359753333522046,0.9042054610459601,3.483891487121582e-05,2.898305678720694e-06,1.4209747314453212e-05,7.990071913677104e-06
splineops,splineops.resize,2d_linear_aniso_random_f32,ok,,"(512, 512)","(512, 189)","(1.0, 0.37)",linear,float32,random,3,1,0.2525980000882555,0.2762469998742745,0.3190333333501864,1.0,0.0,0.0,0.0,0.0
scipy,"scipy.ndimage.zoom(order=1, mode=mirror, no-aa)",2d_linear_aniso_random_f32,ok,,"(512, 512)","(512, 189)","(1.0, 0.37)",linear,float32,random,3,1,2.791205000221453,2.8089279999221617,2.873756000023301,0.09834605937992344,5.960464477539063e-08,1.0137207494360622e-08,5.960464477539063e-08,4.0709183924851895e-08
skimage,"skimage.transform.resize(order=1, aa=False)",2d_linear_aniso_random_f32,ok,,"(512, 512)","(512, 189)","(1.0, 0.37)",linear,float32,random,3,1,2.8135150000707654,2.8159900000446214,2.8330096667256535,0.0980994250227796,0.8184376135468483,0.11842229839344291,0.5175884845852856,0.3024517104967885
opencv,cv2.resize(INTER_LINEAR),2d_linear_aniso_random_f32,ok,,"(512, 512)","(512, 189)","(1.0, 0.37)",linear,float32,random,3,1,0.2443139999286359,0.2447509998546593,0.24524133323211572,1.1286858890804061,0.818437622860074,0.1184222978314233,0.5175884845852856,0.30245170956429474
torch,"torch.nn.functional.interpolate(mode=bilinear, align_corners=True, aa=False)",2d_linear_aniso_random_f32,ok,,"(512, 512)","(512, 189)","(1.0, 0.37)",linear,float32,random,3,1,0.4800850001629442,0.5000789999485278,0.5120583333185399,0.5524067195437282,2.390146255493164e-05,2.1678391944579076e-06,1.4185905456542969e-05,6.691626396458778e-06
splineops,splineops.resize,2d_linear_up_sinusoid_f32,ok,,"(512, 512)","(640, 640)","(1.25, 1.25)",linear,float32,sinusoid,3,1,0.46710300011909567,0.4858400000102847,0.49819833338915487,1.0,0.0,0.0,0.0,0.0
scipy,"scipy.ndimage.zoom(order=1, mode=mirror, no-aa)",2d_linear_up_sinusoid_f32,ok,,"(512, 512)","(640, 640)","(1.25, 1.25)",linear,float32,sinusoid,3,1,11.08092000004035,11.113320000049498,11.422066333352632,0.043716909079205925,1.1920928955078125e-07,1.2515721401346048e-08,5.960464477539063e-08,5.1363918611378954e-08
skimage,"skimage.transform.resize(order=1, aa=False)",2d_linear_up_sinusoid_f32,ok,,"(512, 512)","(640, 640)","(1.25, 1.25)",linear,float32,sinusoid,3,1,11.070167999832847,11.110277999932805,11.331498333220225,0.04372887879252194,0.07477069646120071,0.018152341369952918,0.056555805243551735,0.04807561357257516
opencv,cv2.resize(INTER_LINEAR),2d_linear_up_sinusoid_f32,ok,,"(512, 512)","(640, 640)","(1.25, 1.25)",linear,float32,sinusoid,3,1,0.4398119999677874,0.4431459999523213,0.4421329999786394,1.0963429661162618,0.07477069273591042,0.018041252614901686,0.05629584193229675,0.047813129965394226
torch,"torch.nn.functional.interpolate(mode=bilinear, align_corners=True, aa=False)",2d_linear_up_sinusoid_f32,ok,,"(512, 512)","(640, 640)","(1.25, 1.25)",linear,float32,sinusoid,3,1,1.7165610001939058,1.7283909999150637,1.7279266667173943,0.2810938034473448,1.7374753952026367e-05,2.3413893450840993e-06,1.0669231414794922e-05,6.959663930440451e-06
splineops,splineops.resize,2d_linear_down_random_f64,ok,,"(512, 512)","(189, 189)","(0.37, 0.37)",linear,float64,random,3,1,0.3043680001155735,0.3113029999894934,0.30937800003509136,1.0,0.0,0.0,0.0,0.0
scipy,"scipy.ndimage.zoom(order=1, mode=mirror, no-aa)",2d_linear_down_random_f64,ok,,"(512, 512)","(189, 189)","(0.37, 0.37)",linear,float64,random,3,1,1.2058560000696161,1.2208999999074877,1.2161950000214954,0.25497829471134575,3.3306690738754696e-16,3.5399897509011213e-17,2.220446049250313e-16,1.1303671317474597e-16
skimage,"skimage.transform.resize(order=1, aa=False)",2d_linear_down_random_f64,ok,,"(512, 512)","(189, 189)","(0.37, 0.37)",linear,float64,random,3,1,1.2482760000693816,1.2639169999602018,1.2662156667223219,0.24630019217978372,0.8253635075101484,0.13876489944527368,0.5009646718015552,0.3364393405791125
opencv,cv2.resize(INTER_LINEAR),2d_linear_down_random_f64,ok,,"(512, 512)","(189, 189)","(0.37, 0.37)",linear,float64,random,3,1,0.2772289999484201,0.27823599998555437,0.28107233333685144,1.11884515305588,0.8253635075101484,0.1387648994452737,0.5009646718015552,0.3364393405791125
torch,"torch.nn.functional.interpolate(mode=bilinear, align_corners=True, aa=False)",2d_linear_down_random_f64,ok,,"(512, 512)","(189, 189)","(0.37, 0.37)",linear,float64,random,3,1,0.3893690000040806,0.3906700001152785,0.3960196666715395,0.7968438833225854,2.220446049250313e-16,2.1537164270709168e-17,1.1102230246251565e-16,8.425343352676526e-17
splineops,splineops.resize,2d_linear_aniso_random_f64,ok,,"(512, 512)","(512, 189)","(1.0, 0.37)",linear,float64,random,3,1,0.357003000090117,0.35707500001080916,0.3592726667041764,1.0,0.0,0.0,0.0,0.0
scipy,"scipy.ndimage.zoom(order=1, mode=mirror, no-aa)",2d_linear_aniso_random_f64,ok,,"(512, 512)","(512, 189)","(1.0, 0.37)",linear,float64,random,3,1,2.903520000018034,2.9248959999677027,3.021769666702312,0.12208126374912204,1.1102230246251565e-16,1.2469115995832985e-17,1.1102230246251565e-16,6.129331815474415e-17
skimage,"skimage.transform.resize(order=1, aa=False)",2d_linear_aniso_random_f64,ok,,"(512, 512)","(512, 189)","(1.0, 0.37)",linear,float64,random,3,1,2.9351459997997154,2.945882999938476,2.9452426666315055,0.12121153488385879,0.8440352389942543,0.11826895359492298,0.5234088430836467,0.30181023998245105
opencv,cv2.resize(INTER_LINEAR),2d_linear_aniso_random_f64,ok,,"(512, 512)","(512, 189)","(1.0, 0.37)",linear,float64,random,3,1,0.32177899993257597,0.33029100018211466,0.33009133342905744,1.0810921272875327,0.8440352389942544,0.11826895359492298,0.5234088430836467,0.30181023998245105
torch,"torch.nn.functional.interpolate(mode=bilinear, align_corners=True, aa=False)",2d_linear_aniso_random_f64,ok,,"(512, 512)","(512, 189)","(1.0, 0.37)",linear,float64,random,3,1,0.5553749999762658,0.5556179999075539,0.586182999995799,0.6426627648316304,1.1102230246251565e-16,1.674143253831878e-17,1.1102230246251565e-16,7.137921260287399e-17
splineops,splineops.resize,2d_linear_up_sinusoid_f64,ok,,"(512, 512)","(640, 640)","(1.25, 1.25)",linear,float64,sinusoid,3,1,0.648771999976816,0.6707300001380645,0.8097106666961432,1.0,0.0,0.0,0.0,0.0
scipy,"scipy.ndimage.zoom(order=1, mode=mirror, no-aa)",2d_linear_up_sinusoid_f64,ok,,"(512, 512)","(640, 640)","(1.25, 1.25)",linear,float64,sinusoid,3,1,11.54597200002172,11.5498039999693,12.010157333331032,0.05807284696258459,3.3306690738754696e-16,2.6714190967157415e-17,1.1102230246251565e-16,1.0579963983654471e-16
skimage,"skimage.transform.resize(order=1, aa=False)",2d_linear_up_sinusoid_f64,ok,,"(512, 512)","(640, 640)","(1.25, 1.25)",linear,float64,sinusoid,3,1,11.556400000017675,11.58612299991546,11.603980000018055,0.05789080610856268,0.07477069852291512,0.01815234139554763,0.05655580918077409,0.04807561369026624
opencv,cv2.resize(INTER_LINEAR),2d_linear_up_sinusoid_f64,ok,,"(512, 512)","(640, 640)","(1.25, 1.25)",linear,float64,sinusoid,3,1,0.6283600000642764,0.6449310001244157,0.6410790000093888,1.0400027289875533,0.07477069852291512,0.018041252679932646,0.056295846956575774,0.047813130104901236
torch,"torch.nn.functional.interpolate(mode=bilinear, align_corners=True, aa=False)",2d_linear_up_sinusoid_f64,ok,,"(512, 512)","(640, 640)","(1.25, 1.25)",linear,float64,sinusoid,3,1,1.048619000130202,2.460146000203167,2.006888666831704,0.27263829060660355,2.220446049250313e-16,2.147761869796887e-17,1.1102230246251565e-16,9.329088354162957e-17
splineops,splineops.resize,2d_cubic_up_sinusoid_f32,ok,,"(256, 256)","(435, 435)","(1.7, 1.7)",cubic,float32,sinusoid,3,1,1.1767419998705009,1.1825560000033875,1.5894236666251043,1.0,0.0,0.0,0.0,0.0
scipy,"scipy.ndimage.zoom(order=3, mode=mirror, no-aa)",2d_cubic_up_sinusoid_f32,ok,,"(256, 256)","(435, 435)","(1.7, 1.7)",cubic,float32,sinusoid,3,1,17.998795000039536,18.046990999891932,18.04523433330966,0.0655264913696953,4.172325134277344e-07,6.906866429384982e-08,2.384185791015625e-07,1.8705375115289463e-07
skimage,"skimage.transform.resize(order=3, aa=False)",2d_cubic_up_sinusoid_f32,ok,,"(256, 256)","(435, 435)","(1.7, 1.7)",cubic,float32,sinusoid,3,1,18.062324000084118,18.148431000099663,18.126895333352877,0.06516023341063992,0.17165276408195496,0.038433047849252396,0.11984069943428054,0.09656987695295728
opencv,cv2.resize(INTER_CUBIC),2d_cubic_up_sinusoid_f32,ok,,"(256, 256)","(435, 435)","(1.7, 1.7)",cubic,float32,sinusoid,3,1,0.3284990000338439,0.3295520000392571,0.33041133337974316,3.588374520144069,0.17696519941091537,0.03981519823456383,0.12368739187717438,0.09972877980284112
torch,"torch.nn.functional.interpolate(mode=bicubic, align_corners=True, aa=False)",2d_cubic_up_sinusoid_f32,ok,,"(256, 256)","(435, 435)","(1.7, 1.7)",cubic,float32,sinusoid,3,1,2.725662999864653,2.7262959999916347,2.7332509999572117,0.4337592103010883,0.05701443552970886,0.010279528987005515,0.0271357560157776,0.025044873869437323
splineops,splineops.resize,2d_linear_aa_down_random_f32,ok,,"(512, 512)","(189, 189)","(0.37, 0.37)",linear-antialiasing,float32,random,3,1,1.158709000037561,1.1991250000846776,1.262468000049921,1.0,0.0,0.0,0.0,0.0
scipy,"scipy.ndimage.zoom(order=1, mode=mirror, no-aa)",2d_linear_aa_down_random_f32,ok,,"(512, 512)","(189, 189)","(0.37, 0.37)",linear-antialiasing,float32,random,3,1,1.2304809999932331,1.2310679999245622,1.233472666626767,0.9740526113570964,0.7996192127466202,0.12063944500268446,0.4299216210842135,0.2928442526079442
skimage,"skimage.transform.resize(order=1, aa=True)",2d_linear_aa_down_random_f32,ok,,"(512, 512)","(189, 189)","(0.37, 0.37)",linear-antialiasing,float32,random,3,1,5.146371999899202,5.354703000193695,5.318443666737949,0.22393865729645546,0.5561439990997314,0.09607424863238309,0.30751023292541524,0.22692013899903538
opencv,cv2.resize(INTER_AREA),2d_linear_aa_down_random_f32,ok,,"(512, 512)","(189, 189)","(0.37, 0.37)",linear-antialiasing,float32,random,3,1,0.69619399982912,0.7073929998568929,0.7071783332624667,1.6951326919085477,0.5662084817886353,0.09309460313752514,0.30233975648880035,0.2206163696653233
torch,"torch.nn.functional.interpolate(mode=bilinear, align_corners=True, aa=True)",2d_linear_aa_down_random_f32,ok,,"(512, 512)","(189, 189)","(0.37, 0.37)",linear-antialiasing,float32,random,3,1,0.8943970001382695,0.8957390000432497,0.9018043334284206,1.3386991076940709,0.607917845249176,0.11704432047386941,0.36609000563621524,0.2756025745646635
splineops,splineops.resize,2d_cubic_aa_down_random_f32,ok,,"(512, 512)","(189, 189)","(0.37, 0.37)",cubic-antialiasing,float32,random,3,1,1.344498999969801,1.511703000005582,1.6334230000059808,1.0,0.0,0.0,0.0,0.0
scipy,"scipy.ndimage.zoom(order=3, mode=mirror, no-aa)",2d_cubic_aa_down_random_f32,ok,,"(512, 512)","(189, 189)","(0.37, 0.37)",cubic-antialiasing,float32,random,3,1,8.634773000039786,8.779350999930102,8.808126999989932,0.17218846814731723,0.7536759003996849,0.1675929105693612,0.4928814992308617,0.3982893152294503
skimage,"skimage.transform.resize(order=3, aa=True)",2d_cubic_aa_down_random_f32,ok,,"(512, 512)","(189, 189)","(0.37, 0.37)",cubic-antialiasing,float32,random,3,1,12.328382000077909,12.410403000103543,12.423774666785903,0.12180934011514127,0.36397838592529297,0.06134442554592616,0.20539810657501223,0.15031715398185713
opencv,cv2.resize(INTER_AREA),2d_cubic_aa_down_random_f32,ok,,"(512, 512)","(189, 189)","(0.37, 0.37)",cubic-antialiasing,float32,random,3,1,0.7043200000680372,0.7064890000947344,0.70753000007547,2.139740321226339,0.35985642671585083,0.0611095275391713,0.20401158928871163,0.1497045807344148
torch,"torch.nn.functional.interpolate(mode=bicubic, align_corners=True, aa=True)",2d_cubic_aa_down_random_f32,ok,,"(512, 512)","(189, 189)","(0.37, 0.37)",cubic-antialiasing,float32,random,3,1,1.1847160001252632,1.1905240000942285,1.1895353333481278,1.269779525558437,0.40757618844509125,0.07980840605788461,0.25218815803527833,0.1929232242364782
splineops,splineops.resize,2d_cubic_aa_down_random_f64,ok,,"(512, 512)","(189, 189)","(0.37, 0.37)",cubic-antialiasing,float64,random,3,1,1.4578150000943424,1.5618850000009843,1.527417333363701,1.0,0.0,0.0,0.0,0.0
scipy,"scipy.ndimage.zoom(order=3, mode=mirror, no-aa)",2d_cubic_aa_down_random_f64,ok,,"(512, 512)","(189, 189)","(0.37, 0.37)",cubic-antialiasing,float64,random,3,1,9.288078000054156,9.306660999982341,9.330965333295657,0.16782442167002193,0.7210075095041564,0.16881601899236318,0.4889725910053906,0.40116811577866596
skimage,"skimage.transform.resize(order=3, aa=True)",2d_cubic_aa_down_random_f64,ok,,"(512, 512)","(189, 189)","(0.37, 0.37)",cubic-antialiasing,float64,random,3,1,13.574407999840332,19.144489999916914,22.322660333278083,0.08158404846552521,0.3440711754794787,0.06087649691265248,0.20645888004173032,0.1495022416128179
opencv,cv2.resize(INTER_AREA),2d_cubic_aa_down_random_f64,ok,,"(512, 512)","(189, 189)","(0.37, 0.37)",cubic-antialiasing,float64,random,3,1,0.8217919998969592,0.8412219999627268,0.8511006666746349,1.8566858689741694,0.35405130089668274,0.060597764855959704,0.2063863253899919,0.1487696549343924
torch,"torch.nn.functional.interpolate(mode=bicubic, align_corners=True, aa=True)",2d_cubic_aa_down_random_f64,ok,,"(512, 512)","(189, 189)","(0.37, 0.37)",cubic-antialiasing,float64,random,3,1,1.2691160000031232,1.3544280000132858,1.33469000002151,1.1531694560254686,0.3953607227216196,0.07894467465431194,0.251745815649807,0.19161851022054868
splineops,splineops.resize,3d_linear_down_random_f32,ok,,"(96, 96, 32)","(48, 48, 16)","(0.5, 0.5, 0.5)",linear,float32,random,3,1,0.4140910000387521,0.42036500008180155,0.43791699999928824,1.0,0.0,0.0,0.0,0.0
scipy,"scipy.ndimage.zoom(order=1, mode=mirror, no-aa)",3d_linear_down_random_f32,ok,,"(96, 96, 32)","(48, 48, 16)","(0.5, 0.5, 0.5)",linear,float32,random,3,1,2.2497749998819927,2.261773999862271,2.2646963332893697,0.1858563234467278,1.7881393432617188e-07,2.243592057816891e-08,1.1920928955078125e-07,6.69650088992285e-08
skimage,"skimage.transform.resize(order=1, aa=False)",3d_linear_down_random_f32,ok,,"(96, 96, 32)","(48, 48, 16)","(0.5, 0.5, 0.5)",linear,float32,random,3,1,2.2019949999503297,2.215355000089403,2.2287093333185717,0.18975062690396677,0.5852640122175217,0.09626725177511414,0.3441052609682083,0.2373317457658694
opencv,,3d_linear_down_random_f32,skipped,OpenCV backend is limited to 2-D scalar arrays,"(96, 96, 32)",,"(0.5, 0.5, 0.5)",linear,float32,random,0,0,,,,,,,,
torch,"torch.nn.functional.interpolate(mode=trilinear, align_corners=True, aa=False)",3d_linear_down_random_f32,ok,,"(96, 96, 32)","(48, 48, 16)","(0.5, 0.5, 0.5)",linear,float32,random,3,1,0.5825810001169884,0.6023749999712891,0.6010189999869908,0.6978460263155631,9.3802809715271e-06,9.821681790829946e-07,4.351139068603516e-06,2.5906641901999925e-06
splineops,splineops.resize,3d_cubic_down_random_f32,ok,,"(96, 96, 32)","(48, 48, 16)","(0.5, 0.5, 0.5)",cubic,float32,random,3,1,2.0369070000469947,2.04036700006327,2.0636309999796745,1.0,0.0,0.0,0.0,0.0
scipy,"scipy.ndimage.zoom(order=3, mode=mirror, no-aa)",3d_cubic_down_random_f32,ok,,"(96, 96, 32)","(48, 48, 16)","(0.5, 0.5, 0.5)",cubic,float32,random,3,1,23.948613000129626,24.115821999885156,26.389154999984992,0.08460698540870747,5.960464477539062e-07,1.2567766651446396e-07,3.5762786865234375e-07,2.748080748199602e-07
skimage,"skimage.transform.resize(order=3, aa=False)",3d_cubic_down_random_f32,ok,,"(96, 96, 32)","(48, 48, 16)","(0.5, 0.5, 0.5)",cubic,float32,random,3,1,23.617030999957933,23.915216999967015,24.196606666616088,0.08531668351853484,0.7159723043441772,0.14450913352351927,0.48246841654181494,0.33036355213308427
opencv,,3d_cubic_down_random_f32,skipped,OpenCV backend is limited to 2-D scalar arrays,"(96, 96, 32)",,"(0.5, 0.5, 0.5)",cubic,float32,random,0,0,,,,,,,,
torch,,3d_cubic_down_random_f32,skipped,PyTorch unsupported 3-D method 'cubic',"(96, 96, 32)",,"(0.5, 0.5, 0.5)",cubic,float32,random,0,0,,,,,,,,
splineops,splineops.resize,3d_cubic_aa_down_random_f32,ok,,"(64, 64, 24)","(32, 32, 12)","(0.5, 0.5, 0.5)",cubic-antialiasing,float32,random,3,1,1.3379570000324748,1.4129319999938161,1.4218476666580198,1.0,0.0,0.0,0.0,0.0
scipy,"scipy.ndimage.zoom(order=3, mode=mirror, no-aa)",3d_cubic_aa_down_random_f32,ok,,"(64, 64, 24)","(32, 32, 12)","(0.5, 0.5, 0.5)",cubic-antialiasing,float32,random,3,1,8.0321749999257,8.127058000127363,8.123290000033498,0.17385528686662177,0.8041877150535583,0.15429866411672322,0.4852229583263397,0.37115371777075334
skimage,"skimage.transform.resize(order=3, aa=True)",3d_cubic_aa_down_random_f32,ok,,"(64, 64, 24)","(32, 32, 12)","(0.5, 0.5, 0.5)",cubic-antialiasing,float32,random,3,1,10.233437000124468,11.682665000080306,11.207871666708039,0.12094261026778597,0.3899315595626831,0.07013368577342287,0.23336327522993083,0.1693464492648083
opencv,,3d_cubic_aa_down_random_f32,skipped,OpenCV backend is limited to 2-D scalar arrays,"(64, 64, 24)",,"(0.5, 0.5, 0.5)",cubic-antialiasing,float32,random,0,0,,,,,,,,
torch,,3d_cubic_aa_down_random_f32,skipped,PyTorch antialias is not available for 3-D interpolate,"(64, 64, 24)",,"(0.5, 0.5, 0.5)",cubic-antialiasing,float32,random,0,0,,,,,,,,
splineops,splineops.resize,2d_linear_down_random_f32_large,ok,,"(1024, 1024)","(379, 379)","(0.37, 0.37)",linear,float32,random,3,1,0.5456480000702868,0.5511549998118426,0.5522496665738194,1.0,0.0,0.0,0.0,0.0
scipy,"scipy.ndimage.zoom(order=1, mode=mirror, no-aa)",2d_linear_down_random_f32_large,ok,,"(1024, 1024)","(379, 379)","(0.37, 0.37)",linear,float32,random,3,1,4.013709999981074,4.1193010001734365,4.087796000021626,0.13379818561174264,1.1920928955078125e-07,1.8501115434429912e-08,5.960464477539063e-08,5.791559655268166e-08
skimage,"skimage.transform.resize(order=1, aa=False)",2d_linear_down_random_f32_large,ok,,"(1024, 1024)","(379, 379)","(0.37, 0.37)",linear,float32,random,3,1,4.077180999956909,4.269092999948043,4.332074333281828,0.12910353553285214,0.8196342140436172,0.13788214451542397,0.5002049326896668,0.3356168916544861
opencv,cv2.resize(INTER_LINEAR),2d_linear_down_random_f32_large,ok,,"(1024, 1024)","(379, 379)","(0.37, 0.37)",linear,float32,random,3,1,0.5002049999802693,0.5039659999965806,0.5040749999807304,1.0936352845540813,0.8196341916918755,0.13788214415828978,0.5002049148082733,0.3356168906588002
torch,"torch.nn.functional.interpolate(mode=bilinear, align_corners=True, aa=False)",2d_linear_down_random_f32_large,ok,,"(1024, 1024)","(379, 379)","(0.37, 0.37)",linear,float32,random,3,1,0.5998300000555901,0.6159450001632649,0.6225990000530146,0.8948120362463388,7.176399230957031e-05,6.599543570491628e-06,3.181099891662602e-05,1.8126406685029137e-05
splineops,splineops.resize,2d_linear_aniso_random_f32_large,ok,,"(1024, 1024)","(1024, 379)","(1.0, 0.37)",linear,float32,random,3,1,0.6912050000664749,0.7164349999584374,0.8386870000170651,1.0,0.0,0.0,0.0,0.0
scipy,"scipy.ndimage.zoom(order=1, mode=mirror, no-aa)",2d_linear_aniso_random_f32_large,ok,,"(1024, 1024)","(1024, 379)","(1.0, 0.37)",linear,float32,random,3,1,10.93556599994372,11.271218000047156,11.238304333346605,0.06356322803404565,1.1920928955078125e-07,1.1576354228777014e-08,5.960464477539063e-08,4.348174021126582e-08
skimage,"skimage.transform.resize(order=1, aa=False)",2d_linear_aniso_random_f32_large,ok,,"(1024, 1024)","(1024, 379)","(1.0, 0.37)",linear,float32,random,3,1,10.58394300002874,10.597524000104386,10.59956333339566,0.06760399881626883,0.8454718589782715,0.11746978691914366,0.5173645935952658,0.3002663673634599
opencv,cv2.resize(INTER_LINEAR),2d_linear_aniso_random_f32_large,ok,,"(1024, 1024)","(1024, 379)","(1.0, 0.37)",linear,float32,random,3,1,0.7007240001257742,0.7021859998985747,0.7029496666746127,1.0202923442818868,0.8454718589782715,0.11746978652683572,0.5173645928502077,0.30026636638142096
torch,"torch.nn.functional.interpolate(mode=bilinear, align_corners=True, aa=False)",2d_linear_aniso_random_f32_large,ok,,"(1024, 1024)","(1024, 379)","(1.0, 0.37)",linear,float32,random,3,1,1.2155670001448016,1.2175199999546749,1.222994333375027,0.5884379722592716,5.3554773330688477e-05,4.9518733059709615e-06,3.17692756652832e-05,1.5225502235650767e-05
splineops,splineops.resize,2d_linear_up_sinusoid_f32_large,ok,,"(1024, 1024)","(1280, 1280)","(1.25, 1.25)",linear,float32,sinusoid,3,1,1.5715399999862711,1.5769550000186427,1.7348929999722411,1.0,0.0,0.0,0.0,0.0
scipy,"scipy.ndimage.zoom(order=1, mode=mirror, no-aa)",2d_linear_up_sinusoid_f32_large,ok,,"(1024, 1024)","(1280, 1280)","(1.25, 1.25)",linear,float32,sinusoid,3,1,43.55046500018034,43.68540300015411,44.47968833346749,0.036097984491823956,1.1920928955078125e-07,1.2562511791259362e-08,5.960464477539063e-08,5.15270933658167e-08
skimage,"skimage.transform.resize(order=1, aa=False)",2d_linear_up_sinusoid_f32_large,ok,,"(1024, 1024)","(1280, 1280)","(1.25, 1.25)",linear,float32,sinusoid,3,1,43.42505599993274,43.46856999995907,43.77618533332376,0.03627805101525372,0.07477613538503647,0.01818198822688065,0.05658197924494744,0.04815607064259603
opencv,cv2.resize(INTER_LINEAR),2d_linear_up_sinusoid_f32_large,ok,,"(1024, 1024)","(1280, 1280)","(1.25, 1.25)",linear,float32,sinusoid,3,1,1.4783229999011382,1.5069240000684658,1.518533000004633,1.0464728147849494,0.07477612048387527,0.01811145035644177,0.056399437338113784,0.04798259235686978
torch,"torch.nn.functional.interpolate(mode=bilinear, align_corners=True, aa=False)",2d_linear_up_sinusoid_f32_large,ok,,"(1024, 1024)","(1280, 1280)","(1.25, 1.25)",linear,float32,sinusoid,3,1,3.359702999887304,6.243318000088038,5.303512333284743,0.252582841366787,3.812462091445923e-05,5.382622141589773e-06,2.2530555725097656e-05,1.590788606527348e-05
splineops,splineops.resize,2d_cubic_down_random_f64,ok,,"(1024, 1024)","(379, 379)","(0.37, 0.37)",cubic,float64,random,3,1,4.544867999811686,4.599894999955723,4.591647333275735,1.0,0.0,0.0,0.0,0.0
scipy,"scipy.ndimage.zoom(order=3, mode=mirror, no-aa)",2d_cubic_down_random_f64,ok,,"(1024, 1024)","(379, 379)","(0.37, 0.37)",cubic,float64,random,3,1,41.64905700008603,41.667273000030036,41.85017700001481,0.11039587351810633,1.5543122344752192e-15,2.86671742293927e-16,7.771561172376096e-16,5.965824201676658e-16
skimage,"skimage.transform.resize(order=3, aa=False)",2d_cubic_down_random_f64,ok,,"(1024, 1024)","(379, 379)","(0.37, 0.37)",cubic,float64,random,3,1,41.40752199987219,41.41843100001097,41.5244556666039,0.11105913210364014,1.0832790817933955,0.1921217150024234,0.6714744401522633,0.44322284972380127
opencv,cv2.resize(INTER_CUBIC),2d_cubic_down_random_f64,ok,,"(1024, 1024)","(379, 379)","(0.37, 0.37)",cubic,float64,random,3,1,1.4835990000392485,1.494507999950656,1.502482333307853,3.0778657592382217,1.0470584737816218,0.18961149035442987,0.6643827428290106,0.43736935785016745
torch,"torch.nn.functional.interpolate(mode=bicubic, align_corners=True, aa=False)",2d_cubic_down_random_f64,ok,,"(1024, 1024)","(379, 379)","(0.37, 0.37)",cubic,float64,random,3,1,2.25732900003095,2.2575299999516574,2.316512666614775,2.0375786811489656,0.10103392100408878,0.015706554448147038,0.05342158385827408,0.03574771107213796
splineops,splineops.resize,2d_cubic_aa_down_random_f64_large,ok,,"(1024, 1024)","(379, 379)","(0.37, 0.37)",cubic-antialiasing,float64,random,3,1,5.11770000002798,7.104525999920952,6.59055033330939,1.0,0.0,0.0,0.0,0.0
scipy,"scipy.ndimage.zoom(order=3, mode=mirror, no-aa)",2d_cubic_aa_down_random_f64_large,ok,,"(1024, 1024)","(379, 379)","(0.37, 0.37)",cubic-antialiasing,float64,random,3,1,41.84697999994569,42.240582000204085,43.01657666671114,0.16819195341310939,0.7905682547123462,0.16807656830452436,0.4978940922615985,0.4002467166250786
skimage,"skimage.transform.resize(order=3, aa=True)",2d_cubic_aa_down_random_f64_large,ok,,"(1024, 1024)","(379, 379)","(0.37, 0.37)",cubic-antialiasing,float64,random,3,1,62.8188659998159,65.44028999996954,64.62094933325109,0.10856501399862775,0.4046733651342544,0.06094976958840112,0.203796732295888,0.1490545138429878
opencv,cv2.resize(INTER_AREA),2d_cubic_aa_down_random_f64_large,ok,,"(1024, 1024)","(379, 379)","(0.37, 0.37)",cubic-antialiasing,float64,random,3,1,3.0939890000354353,3.1220690000282048,3.1510266666524935,2.2755826344186403,0.4065750767764365,0.06082538830718623,0.20307397174550823,0.14854709163830998
torch,"torch.nn.functional.interpolate(mode=bicubic, align_corners=True, aa=True)",2d_cubic_aa_down_random_f64_large,ok,,"(1024, 1024)","(379, 379)","(0.37, 0.37)",cubic-antialiasing,float64,random,3,1,4.35386499998458,4.370298000139883,4.365036666740707,1.6256388007622256,0.43132225064558055,0.07947074374609958,0.25256649327282366,0.192112335658921
splineops,splineops.resize,3d_cubic_aniso_random_f32,ok,,"(128, 128, 32)","(128, 64, 32)","(1.0, 0.5, 1.0)",cubic,float32,random,3,1,0.9619069999189378,1.0273739999320242,1.0269246665757237,1.0,0.0,0.0,0.0,0.0
scipy,"scipy.ndimage.zoom(order=3, mode=mirror, no-aa)",3d_cubic_aniso_random_f32,ok,,"(128, 128, 32)","(128, 64, 32)","(1.0, 0.5, 1.0)",cubic,float32,random,3,1,121.42714400010846,121.52009600004021,121.49345266667903,0.008454354742541383,4.172325134277344e-07,4.435706489613889e-08,1.7881393432617188e-07,1.0836946788920805e-07
skimage,"skimage.transform.resize(order=3, aa=False)",3d_cubic_aniso_random_f32,ok,,"(128, 128, 32)","(128, 64, 32)","(1.0, 0.5, 1.0)",cubic,float32,random,3,1,121.7023600001994,121.81606300009662,122.47046166680775,0.00843381385533047,0.5749599020928144,0.09884908564643437,0.3855213531851769,0.23923378602095582
opencv,,3d_cubic_aniso_random_f32,skipped,OpenCV backend is limited to 2-D scalar arrays,"(128, 128, 32)",,"(1.0, 0.5, 1.0)",cubic,float32,random,0,0,,,,,,,,
torch,,3d_cubic_aniso_random_f32,skipped,PyTorch unsupported 3-D method 'cubic',"(128, 128, 32)",,"(1.0, 0.5, 1.0)",cubic,float32,random,0,0,,,,,,,,
splineops,splineops.resize,3d_cubic_aa_down_random_f32_large,ok,,"(96, 96, 32)","(48, 48, 16)","(0.5, 0.5, 0.5)",cubic-antialiasing,float32,random,3,1,1.7687489998934325,1.9474050000098941,1.9173496666553547,1.0,0.0,0.0,0.0,0.0
scipy,"scipy.ndimage.zoom(order=3, mode=mirror, no-aa)",3d_cubic_aa_down_random_f32_large,ok,,"(96, 96, 32)","(48, 48, 16)","(0.5, 0.5, 0.5)",cubic-antialiasing,float32,random,3,1,23.590338000076372,23.61710799982575,23.638842666665976,0.08245738640075079,0.7874196767807007,0.1512153382526155,0.4772749274969105,0.3629607779024924
skimage,"skimage.transform.resize(order=3, aa=True)",3d_cubic_aa_down_random_f32_large,ok,,"(96, 96, 32)","(48, 48, 16)","(0.5, 0.5, 0.5)",cubic-antialiasing,float32,random,3,1,28.736739999885685,28.938412999877983,28.949975666591854,0.06729480984386066,0.3683237284421921,0.07004506523935561,0.2302893587946893,0.16979385751971107
opencv,,3d_cubic_aa_down_random_f32_large,skipped,OpenCV backend is limited to 2-D scalar arrays,"(96, 96, 32)",,"(0.5, 0.5, 0.5)",cubic-antialiasing,float32,random,0,0,,,,,,,,
torch,,3d_cubic_aa_down_random_f32_large,skipped,PyTorch antialias is not available for 3-D interpolate,"(96, 96, 32)",,"(0.5, 0.5, 0.5)",cubic-antialiasing,float32,random,0,0,,,,,,,,
