case_id,base_id,geometry,source_shape,output_shape,seed,nuisance_ratio,method,target_grid,nrmse
isotropic_2x:seed2000:ratio0.25,isotropic_2x:seed2000,isotropic_2x,65x65x65,33x33x33,2000,0.25,splineops_projection,endpoint,0.048028828016922744
isotropic_2x:seed2000:ratio0.65,isotropic_2x:seed2000,isotropic_2x,65x65x65,33x33x33,2000,0.65,splineops_projection,endpoint,0.12307336205224068
isotropic_2x:seed2000:ratio1.00,isotropic_2x:seed2000,isotropic_2x,65x65x65,33x33x33,2000,1.0,splineops_projection,endpoint,0.18906419872578314
isotropic_2x:seed2000:ratio0.25,isotropic_2x:seed2000,isotropic_2x,65x65x65,33x33x33,2000,0.25,splineops_interpolation,endpoint,0.2499603807258967
isotropic_2x:seed2000:ratio0.65,isotropic_2x:seed2000,isotropic_2x,65x65x65,33x33x33,2000,0.65,splineops_interpolation,endpoint,0.6498969670524372
isotropic_2x:seed2000:ratio1.00,isotropic_2x:seed2000,isotropic_2x,65x65x65,33x33x33,2000,1.0,splineops_interpolation,endpoint,0.999841525022802
isotropic_2x:seed2000:ratio0.25,isotropic_2x:seed2000,isotropic_2x,65x65x65,33x33x33,2000,0.25,scipy_gaussian,endpoint,0.16790307686289996
isotropic_2x:seed2000:ratio0.65,isotropic_2x:seed2000,isotropic_2x,65x65x65,33x33x33,2000,0.65,scipy_gaussian,endpoint,0.4113450622196821
isotropic_2x:seed2000:ratio1.00,isotropic_2x:seed2000,isotropic_2x,65x65x65,33x33x33,2000,1.0,scipy_gaussian,endpoint,0.6287864486230472
isotropic_2x:seed2000:ratio0.25,isotropic_2x:seed2000,isotropic_2x,65x65x65,33x33x33,2000,0.25,scipy_cubic,endpoint,0.24996029769637018
isotropic_2x:seed2000:ratio0.65,isotropic_2x:seed2000,isotropic_2x,65x65x65,33x33x33,2000,0.65,scipy_cubic,endpoint,0.6498967500746838
isotropic_2x:seed2000:ratio1.00,isotropic_2x:seed2000,isotropic_2x,65x65x65,33x33x33,2000,1.0,scipy_cubic,endpoint,0.9998411906455684
isotropic_2x:seed2000:ratio0.25,isotropic_2x:seed2000,isotropic_2x,65x65x65,33x33x33,2000,0.25,skimage_resize,half_pixel,0.1464965764843984
isotropic_2x:seed2000:ratio0.65,isotropic_2x:seed2000,isotropic_2x,65x65x65,33x33x33,2000,0.65,skimage_resize,half_pixel,0.3543008351358385
isotropic_2x:seed2000:ratio1.00,isotropic_2x:seed2000,isotropic_2x,65x65x65,33x33x33,2000,1.0,skimage_resize,half_pixel,0.54079179225582
isotropic_2x:seed2000:ratio0.25,isotropic_2x:seed2000,isotropic_2x,65x65x65,33x33x33,2000,0.25,torch_trilinear,endpoint,0.24996029769637018
isotropic_2x:seed2000:ratio0.65,isotropic_2x:seed2000,isotropic_2x,65x65x65,33x33x33,2000,0.65,torch_trilinear,endpoint,0.6498967500746838
isotropic_2x:seed2000:ratio1.00,isotropic_2x:seed2000,isotropic_2x,65x65x65,33x33x33,2000,1.0,torch_trilinear,endpoint,0.9998411906455684
isotropic_2x:seed2000:ratio0.25,isotropic_2x:seed2000,isotropic_2x,65x65x65,33x33x33,2000,0.25,torch_area,half_pixel,0.25768372693465874
isotropic_2x:seed2000:ratio0.65,isotropic_2x:seed2000,isotropic_2x,65x65x65,33x33x33,2000,0.65,torch_area,half_pixel,0.27849237044186204
isotropic_2x:seed2000:ratio1.00,isotropic_2x:seed2000,isotropic_2x,65x65x65,33x33x33,2000,1.0,torch_area,half_pixel,0.3089449565067827
isotropic_2x:seed2000:ratio0.25,isotropic_2x:seed2000,isotropic_2x,65x65x65,33x33x33,2000,0.25,scipy_polyphase,endpoint,0.0019395424079641631
isotropic_2x:seed2000:ratio0.65,isotropic_2x:seed2000,isotropic_2x,65x65x65,33x33x33,2000,0.65,scipy_polyphase,endpoint,0.0019727568260597948
isotropic_2x:seed2000:ratio1.00,isotropic_2x:seed2000,isotropic_2x,65x65x65,33x33x33,2000,1.0,scipy_polyphase,endpoint,0.002025101413411864
isotropic_2x:seed2001:ratio0.25,isotropic_2x:seed2001,isotropic_2x,65x65x65,33x33x33,2001,0.25,splineops_projection,endpoint,0.06882214938436673
isotropic_2x:seed2001:ratio0.65,isotropic_2x:seed2001,isotropic_2x,65x65x65,33x33x33,2001,0.65,splineops_projection,endpoint,0.1780117403116184
isotropic_2x:seed2001:ratio1.00,isotropic_2x:seed2001,isotropic_2x,65x65x65,33x33x33,2001,1.0,splineops_projection,endpoint,0.2737121886238883
isotropic_2x:seed2001:ratio0.25,isotropic_2x:seed2001,isotropic_2x,65x65x65,33x33x33,2001,0.25,splineops_interpolation,endpoint,0.25000064624395546
isotropic_2x:seed2001:ratio0.65,isotropic_2x:seed2001,isotropic_2x,65x65x65,33x33x33,2001,0.65,splineops_interpolation,endpoint,0.6500016541274108
isotropic_2x:seed2001:ratio1.00,isotropic_2x:seed2001,isotropic_2x,65x65x65,33x33x33,2001,1.0,splineops_interpolation,endpoint,1.0000025809676234
isotropic_2x:seed2001:ratio0.25,isotropic_2x:seed2001,isotropic_2x,65x65x65,33x33x33,2001,0.25,scipy_gaussian,endpoint,0.17076626290207209
isotropic_2x:seed2001:ratio0.65,isotropic_2x:seed2001,isotropic_2x,65x65x65,33x33x33,2001,0.65,scipy_gaussian,endpoint,0.4221265371986346
isotropic_2x:seed2001:ratio1.00,isotropic_2x:seed2001,isotropic_2x,65x65x65,33x33x33,2001,1.0,scipy_gaussian,endpoint,0.6459845532193579
isotropic_2x:seed2001:ratio0.25,isotropic_2x:seed2001,isotropic_2x,65x65x65,33x33x33,2001,0.25,scipy_cubic,endpoint,0.25000056247799707
isotropic_2x:seed2001:ratio0.65,isotropic_2x:seed2001,isotropic_2x,65x65x65,33x33x33,2001,0.65,scipy_cubic,endpoint,0.6500014380336518
isotropic_2x:seed2001:ratio1.00,isotropic_2x:seed2001,isotropic_2x,65x65x65,33x33x33,2001,1.0,scipy_cubic,endpoint,1.0000022500128343
isotropic_2x:seed2001:ratio0.25,isotropic_2x:seed2001,isotropic_2x,65x65x65,33x33x33,2001,0.25,skimage_resize,half_pixel,0.1522768353020317
isotropic_2x:seed2001:ratio0.65,isotropic_2x:seed2001,isotropic_2x,65x65x65,33x33x33,2001,0.65,skimage_resize,half_pixel,0.37336716873191667
isotropic_2x:seed2001:ratio1.00,isotropic_2x:seed2001,isotropic_2x,65x65x65,33x33x33,2001,1.0,skimage_resize,half_pixel,0.5708572584905687
isotropic_2x:seed2001:ratio0.25,isotropic_2x:seed2001,isotropic_2x,65x65x65,33x33x33,2001,0.25,torch_trilinear,endpoint,0.25000056247799707
isotropic_2x:seed2001:ratio0.65,isotropic_2x:seed2001,isotropic_2x,65x65x65,33x33x33,2001,0.65,torch_trilinear,endpoint,0.6500014380336518
isotropic_2x:seed2001:ratio1.00,isotropic_2x:seed2001,isotropic_2x,65x65x65,33x33x33,2001,1.0,torch_trilinear,endpoint,1.0000022500128343
isotropic_2x:seed2001:ratio0.25,isotropic_2x:seed2001,isotropic_2x,65x65x65,33x33x33,2001,0.25,torch_area,half_pixel,0.24491353862951734
isotropic_2x:seed2001:ratio0.65,isotropic_2x:seed2001,isotropic_2x,65x65x65,33x33x33,2001,0.65,torch_area,half_pixel,0.26521243907325864
isotropic_2x:seed2001:ratio1.00,isotropic_2x:seed2001,isotropic_2x,65x65x65,33x33x33,2001,1.0,torch_area,half_pixel,0.29502640700488036
isotropic_2x:seed2001:ratio0.25,isotropic_2x:seed2001,isotropic_2x,65x65x65,33x33x33,2001,0.25,scipy_polyphase,endpoint,0.0014255526514440227
isotropic_2x:seed2001:ratio0.65,isotropic_2x:seed2001,isotropic_2x,65x65x65,33x33x33,2001,0.65,scipy_polyphase,endpoint,0.0015582602536017604
isotropic_2x:seed2001:ratio1.00,isotropic_2x:seed2001,isotropic_2x,65x65x65,33x33x33,2001,1.0,scipy_polyphase,endpoint,0.0017517438587898746
isotropic_2x:seed2002:ratio0.25,isotropic_2x:seed2002,isotropic_2x,65x65x65,33x33x33,2002,0.25,splineops_projection,endpoint,0.0693287266625409
isotropic_2x:seed2002:ratio0.65,isotropic_2x:seed2002,isotropic_2x,65x65x65,33x33x33,2002,0.65,splineops_projection,endpoint,0.17769314995891736
isotropic_2x:seed2002:ratio1.00,isotropic_2x:seed2002,isotropic_2x,65x65x65,33x33x33,2002,1.0,splineops_projection,endpoint,0.27297379130645943
isotropic_2x:seed2002:ratio0.25,isotropic_2x:seed2002,isotropic_2x,65x65x65,33x33x33,2002,0.25,splineops_interpolation,endpoint,0.2509567816508131
isotropic_2x:seed2002:ratio0.65,isotropic_2x:seed2002,isotropic_2x,65x65x65,33x33x33,2002,0.65,splineops_interpolation,endpoint,0.6524876095441756
isotropic_2x:seed2002:ratio1.00,isotropic_2x:seed2002,isotropic_2x,65x65x65,33x33x33,2002,1.0,splineops_interpolation,endpoint,1.0038271290544916
isotropic_2x:seed2002:ratio0.25,isotropic_2x:seed2002,isotropic_2x,65x65x65,33x33x33,2002,0.25,scipy_gaussian,endpoint,0.18514736779939236
isotropic_2x:seed2002:ratio0.65,isotropic_2x:seed2002,isotropic_2x,65x65x65,33x33x33,2002,0.65,scipy_gaussian,endpoint,0.44666705309294985
isotropic_2x:seed2002:ratio1.00,isotropic_2x:seed2002,isotropic_2x,65x65x65,33x33x33,2002,1.0,scipy_gaussian,endpoint,0.681596815581141
isotropic_2x:seed2002:ratio0.25,isotropic_2x:seed2002,isotropic_2x,65x65x65,33x33x33,2002,0.25,scipy_cubic,endpoint,0.25095669910794655
isotropic_2x:seed2002:ratio0.65,isotropic_2x:seed2002,isotropic_2x,65x65x65,33x33x33,2002,0.65,scipy_cubic,endpoint,0.652487392971365
isotropic_2x:seed2002:ratio1.00,isotropic_2x:seed2002,isotropic_2x,65x65x65,33x33x33,2002,1.0,scipy_cubic,endpoint,1.0038267954206628
isotropic_2x:seed2002:ratio0.25,isotropic_2x:seed2002,isotropic_2x,65x65x65,33x33x33,2002,0.25,skimage_resize,half_pixel,0.169285038611762
isotropic_2x:seed2002:ratio0.65,isotropic_2x:seed2002,isotropic_2x,65x65x65,33x33x33,2002,0.65,skimage_resize,half_pixel,0.40501189045945446
isotropic_2x:seed2002:ratio1.00,isotropic_2x:seed2002,isotropic_2x,65x65x65,33x33x33,2002,1.0,skimage_resize,half_pixel,0.6174221761827058
isotropic_2x:seed2002:ratio0.25,isotropic_2x:seed2002,isotropic_2x,65x65x65,33x33x33,2002,0.25,torch_trilinear,endpoint,0.25095669910794655
isotropic_2x:seed2002:ratio0.65,isotropic_2x:seed2002,isotropic_2x,65x65x65,33x33x33,2002,0.65,torch_trilinear,endpoint,0.652487392971365
isotropic_2x:seed2002:ratio1.00,isotropic_2x:seed2002,isotropic_2x,65x65x65,33x33x33,2002,1.0,torch_trilinear,endpoint,1.0038267954206628
isotropic_2x:seed2002:ratio0.25,isotropic_2x:seed2002,isotropic_2x,65x65x65,33x33x33,2002,0.25,torch_area,half_pixel,0.2980686215346998
isotropic_2x:seed2002:ratio0.65,isotropic_2x:seed2002,isotropic_2x,65x65x65,33x33x33,2002,0.65,torch_area,half_pixel,0.31166882120528766
isotropic_2x:seed2002:ratio1.00,isotropic_2x:seed2002,isotropic_2x,65x65x65,33x33x33,2002,1.0,torch_area,half_pixel,0.3322064163910372
isotropic_2x:seed2002:ratio0.25,isotropic_2x:seed2002,isotropic_2x,65x65x65,33x33x33,2002,0.25,scipy_polyphase,endpoint,0.0021705806187343932
isotropic_2x:seed2002:ratio0.65,isotropic_2x:seed2002,isotropic_2x,65x65x65,33x33x33,2002,0.65,scipy_polyphase,endpoint,0.0022290182068951713
isotropic_2x:seed2002:ratio1.00,isotropic_2x:seed2002,isotropic_2x,65x65x65,33x33x33,2002,1.0,scipy_polyphase,endpoint,0.0023194333797969253
isotropic_2x:seed2003:ratio0.25,isotropic_2x:seed2003,isotropic_2x,65x65x65,33x33x33,2003,0.25,splineops_projection,endpoint,0.03639232460935484
isotropic_2x:seed2003:ratio0.65,isotropic_2x:seed2003,isotropic_2x,65x65x65,33x33x33,2003,0.65,splineops_projection,endpoint,0.09069107402299614
isotropic_2x:seed2003:ratio1.00,isotropic_2x:seed2003,isotropic_2x,65x65x65,33x33x33,2003,1.0,splineops_projection,endpoint,0.1389038049081113
isotropic_2x:seed2003:ratio0.25,isotropic_2x:seed2003,isotropic_2x,65x65x65,33x33x33,2003,0.25,splineops_interpolation,endpoint,0.2500423781657112
isotropic_2x:seed2003:ratio0.65,isotropic_2x:seed2003,isotropic_2x,65x65x65,33x33x33,2003,0.65,splineops_interpolation,endpoint,0.6501101570859072
isotropic_2x:seed2003:ratio1.00,isotropic_2x:seed2003,isotropic_2x,65x65x65,33x33x33,2003,1.0,splineops_interpolation,endpoint,1.0001695089019997
isotropic_2x:seed2003:ratio0.25,isotropic_2x:seed2003,isotropic_2x,65x65x65,33x33x33,2003,0.25,scipy_gaussian,endpoint,0.17127087706726574
isotropic_2x:seed2003:ratio0.65,isotropic_2x:seed2003,isotropic_2x,65x65x65,33x33x33,2003,0.65,scipy_gaussian,endpoint,0.40846388279872364
isotropic_2x:seed2003:ratio1.00,isotropic_2x:seed2003,isotropic_2x,65x65x65,33x33x33,2003,1.0,scipy_gaussian,endpoint,0.6224863244581049
isotropic_2x:seed2003:ratio0.25,isotropic_2x:seed2003,isotropic_2x,65x65x65,33x33x33,2003,0.25,scipy_cubic,endpoint,0.250042294118423
isotropic_2x:seed2003:ratio0.65,isotropic_2x:seed2003,isotropic_2x,65x65x65,33x33x33,2003,0.65,scipy_cubic,endpoint,0.6501099416068942
isotropic_2x:seed2003:ratio1.00,isotropic_2x:seed2003,isotropic_2x,65x65x65,33x33x33,2003,1.0,scipy_cubic,endpoint,1.0001691779739856
isotropic_2x:seed2003:ratio0.25,isotropic_2x:seed2003,isotropic_2x,65x65x65,33x33x33,2003,0.25,skimage_resize,half_pixel,0.15081818738222352
isotropic_2x:seed2003:ratio0.65,isotropic_2x:seed2003,isotropic_2x,65x65x65,33x33x33,2003,0.65,skimage_resize,half_pixel,0.3531636650152029
isotropic_2x:seed2003:ratio1.00,isotropic_2x:seed2003,isotropic_2x,65x65x65,33x33x33,2003,1.0,skimage_resize,half_pixel,0.5369820088106746
isotropic_2x:seed2003:ratio0.25,isotropic_2x:seed2003,isotropic_2x,65x65x65,33x33x33,2003,0.25,torch_trilinear,endpoint,0.250042294118423
isotropic_2x:seed2003:ratio0.65,isotropic_2x:seed2003,isotropic_2x,65x65x65,33x33x33,2003,0.65,torch_trilinear,endpoint,0.6501099416068942
isotropic_2x:seed2003:ratio1.00,isotropic_2x:seed2003,isotropic_2x,65x65x65,33x33x33,2003,1.0,torch_trilinear,endpoint,1.0001691779739856
isotropic_2x:seed2003:ratio0.25,isotropic_2x:seed2003,isotropic_2x,65x65x65,33x33x33,2003,0.25,torch_area,half_pixel,0.2953241159170578
isotropic_2x:seed2003:ratio0.65,isotropic_2x:seed2003,isotropic_2x,65x65x65,33x33x33,2003,0.65,torch_area,half_pixel,0.311796125024614
isotropic_2x:seed2003:ratio1.00,isotropic_2x:seed2003,isotropic_2x,65x65x65,33x33x33,2003,1.0,torch_area,half_pixel,0.3367320100301312
isotropic_2x:seed2003:ratio0.25,isotropic_2x:seed2003,isotropic_2x,65x65x65,33x33x33,2003,0.25,scipy_polyphase,endpoint,0.0018721314970597117
isotropic_2x:seed2003:ratio0.65,isotropic_2x:seed2003,isotropic_2x,65x65x65,33x33x33,2003,0.65,scipy_polyphase,endpoint,0.0018923191911743747
isotropic_2x:seed2003:ratio1.00,isotropic_2x:seed2003,isotropic_2x,65x65x65,33x33x33,2003,1.0,scipy_polyphase,endpoint,0.0019243762881759174
isotropic_2x:seed2004:ratio0.25,isotropic_2x:seed2004,isotropic_2x,65x65x65,33x33x33,2004,0.25,splineops_projection,endpoint,0.07260920528427516
isotropic_2x:seed2004:ratio0.65,isotropic_2x:seed2004,isotropic_2x,65x65x65,33x33x33,2004,0.65,splineops_projection,endpoint,0.1871388275071753
isotropic_2x:seed2004:ratio1.00,isotropic_2x:seed2004,isotropic_2x,65x65x65,33x33x33,2004,1.0,splineops_projection,endpoint,0.2876508694965872
isotropic_2x:seed2004:ratio0.25,isotropic_2x:seed2004,isotropic_2x,65x65x65,33x33x33,2004,0.25,splineops_interpolation,endpoint,0.2498809897939569
isotropic_2x:seed2004:ratio0.65,isotropic_2x:seed2004,isotropic_2x,65x65x65,33x33x33,2004,0.65,splineops_interpolation,endpoint,0.6496905492700695
isotropic_2x:seed2004:ratio1.00,isotropic_2x:seed2004,isotropic_2x,65x65x65,33x33x33,2004,1.0,splineops_interpolation,endpoint,0.999523958409039
isotropic_2x:seed2004:ratio0.25,isotropic_2x:seed2004,isotropic_2x,65x65x65,33x33x33,2004,0.25,scipy_gaussian,endpoint,0.17769769407247069
isotropic_2x:seed2004:ratio0.65,isotropic_2x:seed2004,isotropic_2x,65x65x65,33x33x33,2004,0.65,scipy_gaussian,endpoint,0.4203135389595469
isotropic_2x:seed2004:ratio1.00,isotropic_2x:seed2004,isotropic_2x,65x65x65,33x33x33,2004,1.0,scipy_gaussian,endpoint,0.6398542901775682
isotropic_2x:seed2004:ratio0.25,isotropic_2x:seed2004,isotropic_2x,65x65x65,33x33x33,2004,0.25,scipy_cubic,endpoint,0.24988090680916566
isotropic_2x:seed2004:ratio0.65,isotropic_2x:seed2004,isotropic_2x,65x65x65,33x33x33,2004,0.65,scipy_cubic,endpoint,0.6496903341584485
isotropic_2x:seed2004:ratio1.00,isotropic_2x:seed2004,isotropic_2x,65x65x65,33x33x33,2004,1.0,scipy_cubic,endpoint,0.999523627907247
isotropic_2x:seed2004:ratio0.25,isotropic_2x:seed2004,isotropic_2x,65x65x65,33x33x33,2004,0.25,skimage_resize,half_pixel,0.16134319168219102
isotropic_2x:seed2004:ratio0.65,isotropic_2x:seed2004,isotropic_2x,65x65x65,33x33x33,2004,0.65,skimage_resize,half_pixel,0.37693868494985094
isotropic_2x:seed2004:ratio1.00,isotropic_2x:seed2004,isotropic_2x,65x65x65,33x33x33,2004,1.0,skimage_resize,half_pixel,0.572932793960736
isotropic_2x:seed2004:ratio0.25,isotropic_2x:seed2004,isotropic_2x,65x65x65,33x33x33,2004,0.25,torch_trilinear,endpoint,0.24988090680916566
isotropic_2x:seed2004:ratio0.65,isotropic_2x:seed2004,isotropic_2x,65x65x65,33x33x33,2004,0.65,torch_trilinear,endpoint,0.6496903341584485
isotropic_2x:seed2004:ratio1.00,isotropic_2x:seed2004,isotropic_2x,65x65x65,33x33x33,2004,1.0,torch_trilinear,endpoint,0.999523627907247
isotropic_2x:seed2004:ratio0.25,isotropic_2x:seed2004,isotropic_2x,65x65x65,33x33x33,2004,0.25,torch_area,half_pixel,0.31342600358695544
isotropic_2x:seed2004:ratio0.65,isotropic_2x:seed2004,isotropic_2x,65x65x65,33x33x33,2004,0.65,torch_area,half_pixel,0.3244465110895007
isotropic_2x:seed2004:ratio1.00,isotropic_2x:seed2004,isotropic_2x,65x65x65,33x33x33,2004,1.0,torch_area,half_pixel,0.34160484493796966
isotropic_2x:seed2004:ratio0.25,isotropic_2x:seed2004,isotropic_2x,65x65x65,33x33x33,2004,0.25,scipy_polyphase,endpoint,0.0016487183814816444
isotropic_2x:seed2004:ratio0.65,isotropic_2x:seed2004,isotropic_2x,65x65x65,33x33x33,2004,0.65,scipy_polyphase,endpoint,0.0018195143676663272
isotropic_2x:seed2004:ratio1.00,isotropic_2x:seed2004,isotropic_2x,65x65x65,33x33x33,2004,1.0,scipy_polyphase,endpoint,0.002064192802848288
isotropic_2x:seed2005:ratio0.25,isotropic_2x:seed2005,isotropic_2x,65x65x65,33x33x33,2005,0.25,splineops_projection,endpoint,0.05324988591489888
isotropic_2x:seed2005:ratio0.65,isotropic_2x:seed2005,isotropic_2x,65x65x65,33x33x33,2005,0.65,splineops_projection,endpoint,0.13404964904467273
isotropic_2x:seed2005:ratio1.00,isotropic_2x:seed2005,isotropic_2x,65x65x65,33x33x33,2005,1.0,splineops_projection,endpoint,0.20554296650509232
isotropic_2x:seed2005:ratio0.25,isotropic_2x:seed2005,isotropic_2x,65x65x65,33x33x33,2005,0.25,splineops_interpolation,endpoint,0.25007583939341055
isotropic_2x:seed2005:ratio0.65,isotropic_2x:seed2005,isotropic_2x,65x65x65,33x33x33,2005,0.65,splineops_interpolation,endpoint,0.6501971576841489
isotropic_2x:seed2005:ratio1.00,isotropic_2x:seed2005,isotropic_2x,65x65x65,33x33x33,2005,1.0,splineops_interpolation,endpoint,1.0003033564539885
isotropic_2x:seed2005:ratio0.25,isotropic_2x:seed2005,isotropic_2x,65x65x65,33x33x33,2005,0.25,scipy_gaussian,endpoint,0.18150153970692967
isotropic_2x:seed2005:ratio0.65,isotropic_2x:seed2005,isotropic_2x,65x65x65,33x33x33,2005,0.65,scipy_gaussian,endpoint,0.42135751799469273
isotropic_2x:seed2005:ratio1.00,isotropic_2x:seed2005,isotropic_2x,65x65x65,33x33x33,2005,1.0,scipy_gaussian,endpoint,0.6399206858775925
isotropic_2x:seed2005:ratio0.25,isotropic_2x:seed2005,isotropic_2x,65x65x65,33x33x33,2005,0.25,scipy_cubic,endpoint,0.2500757556043359
isotropic_2x:seed2005:ratio0.65,isotropic_2x:seed2005,isotropic_2x,65x65x65,33x33x33,2005,0.65,scipy_cubic,endpoint,0.6501969404981883
isotropic_2x:seed2005:ratio1.00,isotropic_2x:seed2005,isotropic_2x,65x65x65,33x33x33,2005,1.0,scipy_cubic,endpoint,1.0003030215423496
isotropic_2x:seed2005:ratio0.25,isotropic_2x:seed2005,isotropic_2x,65x65x65,33x33x33,2005,0.25,skimage_resize,half_pixel,0.16134600828920806
isotropic_2x:seed2005:ratio0.65,isotropic_2x:seed2005,isotropic_2x,65x65x65,33x33x33,2005,0.65,skimage_resize,half_pixel,0.36645822036410797
isotropic_2x:seed2005:ratio1.00,isotropic_2x:seed2005,isotropic_2x,65x65x65,33x33x33,2005,1.0,skimage_resize,half_pixel,0.5549303618931138
isotropic_2x:seed2005:ratio0.25,isotropic_2x:seed2005,isotropic_2x,65x65x65,33x33x33,2005,0.25,torch_trilinear,endpoint,0.2500757556043359
isotropic_2x:seed2005:ratio0.65,isotropic_2x:seed2005,isotropic_2x,65x65x65,33x33x33,2005,0.65,torch_trilinear,endpoint,0.6501969404981883
isotropic_2x:seed2005:ratio1.00,isotropic_2x:seed2005,isotropic_2x,65x65x65,33x33x33,2005,1.0,torch_trilinear,endpoint,1.0003030215423496
isotropic_2x:seed2005:ratio0.25,isotropic_2x:seed2005,isotropic_2x,65x65x65,33x33x33,2005,0.25,torch_area,half_pixel,0.33627752248297965
isotropic_2x:seed2005:ratio0.65,isotropic_2x:seed2005,isotropic_2x,65x65x65,33x33x33,2005,0.65,torch_area,half_pixel,0.35248443202664603
isotropic_2x:seed2005:ratio1.00,isotropic_2x:seed2005,isotropic_2x,65x65x65,33x33x33,2005,1.0,torch_area,half_pixel,0.377228534570486
isotropic_2x:seed2005:ratio0.25,isotropic_2x:seed2005,isotropic_2x,65x65x65,33x33x33,2005,0.25,scipy_polyphase,endpoint,0.0018482556248141499
isotropic_2x:seed2005:ratio0.65,isotropic_2x:seed2005,isotropic_2x,65x65x65,33x33x33,2005,0.65,scipy_polyphase,endpoint,0.0018728130592923198
isotropic_2x:seed2005:ratio1.00,isotropic_2x:seed2005,isotropic_2x,65x65x65,33x33x33,2005,1.0,scipy_polyphase,endpoint,0.0019115006102386521
isotropic_2x:seed2006:ratio0.25,isotropic_2x:seed2006,isotropic_2x,65x65x65,33x33x33,2006,0.25,splineops_projection,endpoint,0.020051954380598303
isotropic_2x:seed2006:ratio0.65,isotropic_2x:seed2006,isotropic_2x,65x65x65,33x33x33,2006,0.65,splineops_projection,endpoint,0.037579055067743845
isotropic_2x:seed2006:ratio1.00,isotropic_2x:seed2006,isotropic_2x,65x65x65,33x33x33,2006,1.0,splineops_projection,endpoint,0.05509167717566185
isotropic_2x:seed2006:ratio0.25,isotropic_2x:seed2006,isotropic_2x,65x65x65,33x33x33,2006,0.25,splineops_interpolation,endpoint,0.24996961320472608
isotropic_2x:seed2006:ratio0.65,isotropic_2x:seed2006,isotropic_2x,65x65x65,33x33x33,2006,0.65,splineops_interpolation,endpoint,0.649920970968889
isotropic_2x:seed2006:ratio1.00,isotropic_2x:seed2006,isotropic_2x,65x65x65,33x33x33,2006,1.0,splineops_interpolation,endpoint,0.9998784540398201
isotropic_2x:seed2006:ratio0.25,isotropic_2x:seed2006,isotropic_2x,65x65x65,33x33x33,2006,0.25,scipy_gaussian,endpoint,0.17475312290231315
isotropic_2x:seed2006:ratio0.65,isotropic_2x:seed2006,isotropic_2x,65x65x65,33x33x33,2006,0.65,scipy_gaussian,endpoint,0.4007683391299529
isotropic_2x:seed2006:ratio1.00,isotropic_2x:seed2006,isotropic_2x,65x65x65,33x33x33,2006,1.0,scipy_gaussian,endpoint,0.6076578957696909
isotropic_2x:seed2006:ratio0.25,isotropic_2x:seed2006,isotropic_2x,65x65x65,33x33x33,2006,0.25,scipy_cubic,endpoint,0.24996953172866385
isotropic_2x:seed2006:ratio0.65,isotropic_2x:seed2006,isotropic_2x,65x65x65,33x33x33,2006,0.65,scipy_cubic,endpoint,0.6499207586731667
isotropic_2x:seed2006:ratio1.00,isotropic_2x:seed2006,isotropic_2x,65x65x65,33x33x33,2006,1.0,scipy_cubic,endpoint,0.9998781267954656
isotropic_2x:seed2006:ratio0.25,isotropic_2x:seed2006,isotropic_2x,65x65x65,33x33x33,2006,0.25,skimage_resize,half_pixel,0.14565936702477614
isotropic_2x:seed2006:ratio0.65,isotropic_2x:seed2006,isotropic_2x,65x65x65,33x33x33,2006,0.65,skimage_resize,half_pixel,0.3178658935180353
isotropic_2x:seed2006:ratio1.00,isotropic_2x:seed2006,isotropic_2x,65x65x65,33x33x33,2006,1.0,skimage_resize,half_pixel,0.4785500891979062
isotropic_2x:seed2006:ratio0.25,isotropic_2x:seed2006,isotropic_2x,65x65x65,33x33x33,2006,0.25,torch_trilinear,endpoint,0.24996953172866385
isotropic_2x:seed2006:ratio0.65,isotropic_2x:seed2006,isotropic_2x,65x65x65,33x33x33,2006,0.65,torch_trilinear,endpoint,0.6499207586731667
isotropic_2x:seed2006:ratio1.00,isotropic_2x:seed2006,isotropic_2x,65x65x65,33x33x33,2006,1.0,torch_trilinear,endpoint,0.9998781267954656
isotropic_2x:seed2006:ratio0.25,isotropic_2x:seed2006,isotropic_2x,65x65x65,33x33x33,2006,0.25,torch_area,half_pixel,0.34586643144424295
isotropic_2x:seed2006:ratio0.65,isotropic_2x:seed2006,isotropic_2x,65x65x65,33x33x33,2006,0.65,torch_area,half_pixel,0.37454152671405405
isotropic_2x:seed2006:ratio1.00,isotropic_2x:seed2006,isotropic_2x,65x65x65,33x33x33,2006,1.0,torch_area,half_pixel,0.41646244364788787
isotropic_2x:seed2006:ratio0.25,isotropic_2x:seed2006,isotropic_2x,65x65x65,33x33x33,2006,0.25,scipy_polyphase,endpoint,0.0016449938185219798
isotropic_2x:seed2006:ratio0.65,isotropic_2x:seed2006,isotropic_2x,65x65x65,33x33x33,2006,0.65,scipy_polyphase,endpoint,0.0016708379766373965
isotropic_2x:seed2006:ratio1.00,isotropic_2x:seed2006,isotropic_2x,65x65x65,33x33x33,2006,1.0,scipy_polyphase,endpoint,0.0017111257848612315
isotropic_2x:seed2007:ratio0.25,isotropic_2x:seed2007,isotropic_2x,65x65x65,33x33x33,2007,0.25,splineops_projection,endpoint,0.10135508525067724
isotropic_2x:seed2007:ratio0.65,isotropic_2x:seed2007,isotropic_2x,65x65x65,33x33x33,2007,0.65,splineops_projection,endpoint,0.26291686496041883
isotropic_2x:seed2007:ratio1.00,isotropic_2x:seed2007,isotropic_2x,65x65x65,33x33x33,2007,1.0,splineops_projection,endpoint,0.4043952699423459
isotropic_2x:seed2007:ratio0.25,isotropic_2x:seed2007,isotropic_2x,65x65x65,33x33x33,2007,0.25,splineops_interpolation,endpoint,0.25016459748608716
isotropic_2x:seed2007:ratio0.65,isotropic_2x:seed2007,isotropic_2x,65x65x65,33x33x33,2007,0.65,splineops_interpolation,endpoint,0.6504279304685169
isotropic_2x:seed2007:ratio1.00,isotropic_2x:seed2007,isotropic_2x,65x65x65,33x33x33,2007,1.0,splineops_interpolation,endpoint,1.0006583919268803
isotropic_2x:seed2007:ratio0.25,isotropic_2x:seed2007,isotropic_2x,65x65x65,33x33x33,2007,0.25,scipy_gaussian,endpoint,0.17748668073252988
isotropic_2x:seed2007:ratio0.65,isotropic_2x:seed2007,isotropic_2x,65x65x65,33x33x33,2007,0.65,scipy_gaussian,endpoint,0.43982306557749856
isotropic_2x:seed2007:ratio1.00,isotropic_2x:seed2007,isotropic_2x,65x65x65,33x33x33,2007,1.0,scipy_gaussian,endpoint,0.6732158842535408
isotropic_2x:seed2007:ratio0.25,isotropic_2x:seed2007,isotropic_2x,65x65x65,33x33x33,2007,0.25,scipy_cubic,endpoint,0.25016451495547903
isotropic_2x:seed2007:ratio0.65,isotropic_2x:seed2007,isotropic_2x,65x65x65,33x33x33,2007,0.65,scipy_cubic,endpoint,0.6504277143666529
isotropic_2x:seed2007:ratio1.00,isotropic_2x:seed2007,isotropic_2x,65x65x65,33x33x33,2007,1.0,scipy_cubic,endpoint,1.0006580591948184
isotropic_2x:seed2007:ratio0.25,isotropic_2x:seed2007,isotropic_2x,65x65x65,33x33x33,2007,0.25,skimage_resize,half_pixel,0.1650490955817989
isotropic_2x:seed2007:ratio0.65,isotropic_2x:seed2007,isotropic_2x,65x65x65,33x33x33,2007,0.65,skimage_resize,half_pixel,0.4077279743470065
isotropic_2x:seed2007:ratio1.00,isotropic_2x:seed2007,isotropic_2x,65x65x65,33x33x33,2007,1.0,skimage_resize,half_pixel,0.6238694558109953
isotropic_2x:seed2007:ratio0.25,isotropic_2x:seed2007,isotropic_2x,65x65x65,33x33x33,2007,0.25,torch_trilinear,endpoint,0.25016451495547903
isotropic_2x:seed2007:ratio0.65,isotropic_2x:seed2007,isotropic_2x,65x65x65,33x33x33,2007,0.65,torch_trilinear,endpoint,0.6504277143666529
isotropic_2x:seed2007:ratio1.00,isotropic_2x:seed2007,isotropic_2x,65x65x65,33x33x33,2007,1.0,torch_trilinear,endpoint,1.0006580591948184
isotropic_2x:seed2007:ratio0.25,isotropic_2x:seed2007,isotropic_2x,65x65x65,33x33x33,2007,0.25,torch_area,half_pixel,0.24722822718938917
isotropic_2x:seed2007:ratio0.65,isotropic_2x:seed2007,isotropic_2x,65x65x65,33x33x33,2007,0.65,torch_area,half_pixel,0.2611466996957507
isotropic_2x:seed2007:ratio1.00,isotropic_2x:seed2007,isotropic_2x,65x65x65,33x33x33,2007,1.0,torch_area,half_pixel,0.28178704887932743
isotropic_2x:seed2007:ratio0.25,isotropic_2x:seed2007,isotropic_2x,65x65x65,33x33x33,2007,0.25,scipy_polyphase,endpoint,0.001956921208838702
isotropic_2x:seed2007:ratio0.65,isotropic_2x:seed2007,isotropic_2x,65x65x65,33x33x33,2007,0.65,scipy_polyphase,endpoint,0.0021877322134184747
isotropic_2x:seed2007:ratio1.00,isotropic_2x:seed2007,isotropic_2x,65x65x65,33x33x33,2007,1.0,scipy_polyphase,endpoint,0.0025139309741816244
anisotropic_noninteger:seed2100:ratio0.25,anisotropic_noninteger:seed2100,anisotropic_noninteger,73x81x65,29x41x33,2100,0.25,splineops_projection,endpoint,0.02932431245860784
anisotropic_noninteger:seed2100:ratio0.65,anisotropic_noninteger:seed2100,anisotropic_noninteger,73x81x65,29x41x33,2100,0.65,splineops_projection,endpoint,0.06600637433666799
anisotropic_noninteger:seed2100:ratio1.00,anisotropic_noninteger:seed2100,anisotropic_noninteger,73x81x65,29x41x33,2100,1.0,splineops_projection,endpoint,0.0998308685576686
anisotropic_noninteger:seed2100:ratio0.25,anisotropic_noninteger:seed2100,anisotropic_noninteger,73x81x65,29x41x33,2100,0.25,splineops_interpolation,endpoint,0.24922518992882312
anisotropic_noninteger:seed2100:ratio0.65,anisotropic_noninteger:seed2100,anisotropic_noninteger,73x81x65,29x41x33,2100,0.65,splineops_interpolation,endpoint,0.6479853150357329
anisotropic_noninteger:seed2100:ratio1.00,anisotropic_noninteger:seed2100,anisotropic_noninteger,73x81x65,29x41x33,2100,1.0,splineops_interpolation,endpoint,0.9969005170272603
anisotropic_noninteger:seed2100:ratio0.25,anisotropic_noninteger:seed2100,anisotropic_noninteger,73x81x65,29x41x33,2100,0.25,scipy_gaussian,endpoint,0.18666438194931906
anisotropic_noninteger:seed2100:ratio0.65,anisotropic_noninteger:seed2100,anisotropic_noninteger,73x81x65,29x41x33,2100,0.65,scipy_gaussian,endpoint,0.3960080870362245
anisotropic_noninteger:seed2100:ratio1.00,anisotropic_noninteger:seed2100,anisotropic_noninteger,73x81x65,29x41x33,2100,1.0,scipy_gaussian,endpoint,0.5937216798829583
anisotropic_noninteger:seed2100:ratio0.25,anisotropic_noninteger:seed2100,anisotropic_noninteger,73x81x65,29x41x33,2100,0.25,scipy_cubic,endpoint,0.24921716683194384
anisotropic_noninteger:seed2100:ratio0.65,anisotropic_noninteger:seed2100,anisotropic_noninteger,73x81x65,29x41x33,2100,0.65,scipy_cubic,endpoint,0.6479639762651294
anisotropic_noninteger:seed2100:ratio1.00,anisotropic_noninteger:seed2100,anisotropic_noninteger,73x81x65,29x41x33,2100,1.0,scipy_cubic,endpoint,0.9968675677769525
anisotropic_noninteger:seed2100:ratio0.25,anisotropic_noninteger:seed2100,anisotropic_noninteger,73x81x65,29x41x33,2100,0.25,skimage_resize,half_pixel,0.16973366934004355
anisotropic_noninteger:seed2100:ratio0.65,anisotropic_noninteger:seed2100,anisotropic_noninteger,73x81x65,29x41x33,2100,0.65,skimage_resize,half_pixel,0.34405287521131434
anisotropic_noninteger:seed2100:ratio1.00,anisotropic_noninteger:seed2100,anisotropic_noninteger,73x81x65,29x41x33,2100,1.0,skimage_resize,half_pixel,0.5119113376232428
anisotropic_noninteger:seed2100:ratio0.25,anisotropic_noninteger:seed2100,anisotropic_noninteger,73x81x65,29x41x33,2100,0.25,torch_trilinear,endpoint,0.24412972068414246
anisotropic_noninteger:seed2100:ratio0.65,anisotropic_noninteger:seed2100,anisotropic_noninteger,73x81x65,29x41x33,2100,0.65,torch_trilinear,endpoint,0.6313013460028348
anisotropic_noninteger:seed2100:ratio1.00,anisotropic_noninteger:seed2100,anisotropic_noninteger,73x81x65,29x41x33,2100,1.0,torch_trilinear,endpoint,0.9707056190933677
anisotropic_noninteger:seed2100:ratio0.25,anisotropic_noninteger:seed2100,anisotropic_noninteger,73x81x65,29x41x33,2100,0.25,torch_area,half_pixel,0.28191057619482596
anisotropic_noninteger:seed2100:ratio0.65,anisotropic_noninteger:seed2100,anisotropic_noninteger,73x81x65,29x41x33,2100,0.65,torch_area,half_pixel,0.298624635743424
anisotropic_noninteger:seed2100:ratio1.00,anisotropic_noninteger:seed2100,anisotropic_noninteger,73x81x65,29x41x33,2100,1.0,torch_area,half_pixel,0.323612741556873
anisotropic_noninteger:seed2100:ratio0.25,anisotropic_noninteger:seed2100,anisotropic_noninteger,73x81x65,29x41x33,2100,0.25,scipy_polyphase,endpoint,0.001555381667889727
anisotropic_noninteger:seed2100:ratio0.65,anisotropic_noninteger:seed2100,anisotropic_noninteger,73x81x65,29x41x33,2100,0.65,scipy_polyphase,endpoint,0.001580841029970436
anisotropic_noninteger:seed2100:ratio1.00,anisotropic_noninteger:seed2100,anisotropic_noninteger,73x81x65,29x41x33,2100,1.0,scipy_polyphase,endpoint,0.0016208187397090297
anisotropic_noninteger:seed2101:ratio0.25,anisotropic_noninteger:seed2101,anisotropic_noninteger,73x81x65,29x41x33,2101,0.25,splineops_projection,endpoint,0.026335930193901416
anisotropic_noninteger:seed2101:ratio0.65,anisotropic_noninteger:seed2101,anisotropic_noninteger,73x81x65,29x41x33,2101,0.65,splineops_projection,endpoint,0.0615618677153552
anisotropic_noninteger:seed2101:ratio1.00,anisotropic_noninteger:seed2101,anisotropic_noninteger,73x81x65,29x41x33,2101,1.0,splineops_projection,endpoint,0.09357778051363742
anisotropic_noninteger:seed2101:ratio0.25,anisotropic_noninteger:seed2101,anisotropic_noninteger,73x81x65,29x41x33,2101,0.25,splineops_interpolation,endpoint,0.24005008598690317
anisotropic_noninteger:seed2101:ratio0.65,anisotropic_noninteger:seed2101,anisotropic_noninteger,73x81x65,29x41x33,2101,0.65,splineops_interpolation,endpoint,0.6241301939811835
anisotropic_noninteger:seed2101:ratio1.00,anisotropic_noninteger:seed2101,anisotropic_noninteger,73x81x65,29x41x33,2101,1.0,splineops_interpolation,endpoint,0.960200331429894
anisotropic_noninteger:seed2101:ratio0.25,anisotropic_noninteger:seed2101,anisotropic_noninteger,73x81x65,29x41x33,2101,0.25,scipy_gaussian,endpoint,0.13740270961814094
anisotropic_noninteger:seed2101:ratio0.65,anisotropic_noninteger:seed2101,anisotropic_noninteger,73x81x65,29x41x33,2101,0.65,scipy_gaussian,endpoint,0.3057396398419654
anisotropic_noninteger:seed2101:ratio1.00,anisotropic_noninteger:seed2101,anisotropic_noninteger,73x81x65,29x41x33,2101,1.0,scipy_gaussian,endpoint,0.4616804319107351
anisotropic_noninteger:seed2101:ratio0.25,anisotropic_noninteger:seed2101,anisotropic_noninteger,73x81x65,29x41x33,2101,0.25,scipy_cubic,endpoint,0.2399140519464016
anisotropic_noninteger:seed2101:ratio0.65,anisotropic_noninteger:seed2101,anisotropic_noninteger,73x81x65,29x41x33,2101,0.65,scipy_cubic,endpoint,0.6237765676657605
anisotropic_noninteger:seed2101:ratio1.00,anisotropic_noninteger:seed2101,anisotropic_noninteger,73x81x65,29x41x33,2101,1.0,scipy_cubic,endpoint,0.9596563167519107
anisotropic_noninteger:seed2101:ratio0.25,anisotropic_noninteger:seed2101,anisotropic_noninteger,73x81x65,29x41x33,2101,0.25,skimage_resize,half_pixel,0.122946939520412
anisotropic_noninteger:seed2101:ratio0.65,anisotropic_noninteger:seed2101,anisotropic_noninteger,73x81x65,29x41x33,2101,0.65,skimage_resize,half_pixel,0.26428509888579493
anisotropic_noninteger:seed2101:ratio1.00,anisotropic_noninteger:seed2101,anisotropic_noninteger,73x81x65,29x41x33,2101,1.0,skimage_resize,half_pixel,0.3970482761542754
anisotropic_noninteger:seed2101:ratio0.25,anisotropic_noninteger:seed2101,anisotropic_noninteger,73x81x65,29x41x33,2101,0.25,torch_trilinear,endpoint,0.2116085813160942
anisotropic_noninteger:seed2101:ratio0.65,anisotropic_noninteger:seed2101,anisotropic_noninteger,73x81x65,29x41x33,2101,0.65,torch_trilinear,endpoint,0.549768844761489
anisotropic_noninteger:seed2101:ratio1.00,anisotropic_noninteger:seed2101,anisotropic_noninteger,73x81x65,29x41x33,2101,1.0,torch_trilinear,endpoint,0.845733686422359
anisotropic_noninteger:seed2101:ratio0.25,anisotropic_noninteger:seed2101,anisotropic_noninteger,73x81x65,29x41x33,2101,0.25,torch_area,half_pixel,0.25993180313702413
anisotropic_noninteger:seed2101:ratio0.65,anisotropic_noninteger:seed2101,anisotropic_noninteger,73x81x65,29x41x33,2101,0.65,torch_area,half_pixel,0.2756757990312341
anisotropic_noninteger:seed2101:ratio1.00,anisotropic_noninteger:seed2101,anisotropic_noninteger,73x81x65,29x41x33,2101,1.0,torch_area,half_pixel,0.29923104765560593
anisotropic_noninteger:seed2101:ratio0.25,anisotropic_noninteger:seed2101,anisotropic_noninteger,73x81x65,29x41x33,2101,0.25,scipy_polyphase,endpoint,0.0022740878647782227
anisotropic_noninteger:seed2101:ratio0.65,anisotropic_noninteger:seed2101,anisotropic_noninteger,73x81x65,29x41x33,2101,0.65,scipy_polyphase,endpoint,0.0022781357322057562
anisotropic_noninteger:seed2101:ratio1.00,anisotropic_noninteger:seed2101,anisotropic_noninteger,73x81x65,29x41x33,2101,1.0,scipy_polyphase,endpoint,0.0022845871179165995
anisotropic_noninteger:seed2102:ratio0.25,anisotropic_noninteger:seed2102,anisotropic_noninteger,73x81x65,29x41x33,2102,0.25,splineops_projection,endpoint,0.07247016437046898
anisotropic_noninteger:seed2102:ratio0.65,anisotropic_noninteger:seed2102,anisotropic_noninteger,73x81x65,29x41x33,2102,0.65,splineops_projection,endpoint,0.1844237828808118
anisotropic_noninteger:seed2102:ratio1.00,anisotropic_noninteger:seed2102,anisotropic_noninteger,73x81x65,29x41x33,2102,1.0,splineops_projection,endpoint,0.2830977418049243
anisotropic_noninteger:seed2102:ratio0.25,anisotropic_noninteger:seed2102,anisotropic_noninteger,73x81x65,29x41x33,2102,0.25,splineops_interpolation,endpoint,0.24349280477542637
anisotropic_noninteger:seed2102:ratio0.65,anisotropic_noninteger:seed2102,anisotropic_noninteger,73x81x65,29x41x33,2102,0.65,splineops_interpolation,endpoint,0.6330813592498098
anisotropic_noninteger:seed2102:ratio1.00,anisotropic_noninteger:seed2102,anisotropic_noninteger,73x81x65,29x41x33,2102,1.0,splineops_interpolation,endpoint,0.9739714146456938
anisotropic_noninteger:seed2102:ratio0.25,anisotropic_noninteger:seed2102,anisotropic_noninteger,73x81x65,29x41x33,2102,0.25,scipy_gaussian,endpoint,0.1751751177170075
anisotropic_noninteger:seed2102:ratio0.65,anisotropic_noninteger:seed2102,anisotropic_noninteger,73x81x65,29x41x33,2102,0.65,scipy_gaussian,endpoint,0.3455182555079313
anisotropic_noninteger:seed2102:ratio1.00,anisotropic_noninteger:seed2102,anisotropic_noninteger,73x81x65,29x41x33,2102,1.0,scipy_gaussian,endpoint,0.5115701845936895
anisotropic_noninteger:seed2102:ratio0.25,anisotropic_noninteger:seed2102,anisotropic_noninteger,73x81x65,29x41x33,2102,0.25,scipy_cubic,endpoint,0.24340368685025227
anisotropic_noninteger:seed2102:ratio0.65,anisotropic_noninteger:seed2102,anisotropic_noninteger,73x81x65,29x41x33,2102,0.65,scipy_cubic,endpoint,0.6328493523339211
anisotropic_noninteger:seed2102:ratio1.00,anisotropic_noninteger:seed2102,anisotropic_noninteger,73x81x65,29x41x33,2102,1.0,scipy_cubic,endpoint,0.9736144155025208
anisotropic_noninteger:seed2102:ratio0.25,anisotropic_noninteger:seed2102,anisotropic_noninteger,73x81x65,29x41x33,2102,0.25,skimage_resize,half_pixel,0.16385051846843973
anisotropic_noninteger:seed2102:ratio0.65,anisotropic_noninteger:seed2102,anisotropic_noninteger,73x81x65,29x41x33,2102,0.65,skimage_resize,half_pixel,0.3110829505791763
anisotropic_noninteger:seed2102:ratio1.00,anisotropic_noninteger:seed2102,anisotropic_noninteger,73x81x65,29x41x33,2102,1.0,skimage_resize,half_pixel,0.4571254093396762
anisotropic_noninteger:seed2102:ratio0.25,anisotropic_noninteger:seed2102,anisotropic_noninteger,73x81x65,29x41x33,2102,0.25,torch_trilinear,endpoint,0.22190344321510036
anisotropic_noninteger:seed2102:ratio0.65,anisotropic_noninteger:seed2102,anisotropic_noninteger,73x81x65,29x41x33,2102,0.65,torch_trilinear,endpoint,0.574136521766951
anisotropic_noninteger:seed2102:ratio1.00,anisotropic_noninteger:seed2102,anisotropic_noninteger,73x81x65,29x41x33,2102,1.0,torch_trilinear,endpoint,0.8828584921758507
anisotropic_noninteger:seed2102:ratio0.25,anisotropic_noninteger:seed2102,anisotropic_noninteger,73x81x65,29x41x33,2102,0.25,torch_area,half_pixel,0.3083937121086989
anisotropic_noninteger:seed2102:ratio0.65,anisotropic_noninteger:seed2102,anisotropic_noninteger,73x81x65,29x41x33,2102,0.65,torch_area,half_pixel,0.3232564242257628
anisotropic_noninteger:seed2102:ratio1.00,anisotropic_noninteger:seed2102,anisotropic_noninteger,73x81x65,29x41x33,2102,1.0,torch_area,half_pixel,0.3459449734680746
anisotropic_noninteger:seed2102:ratio0.25,anisotropic_noninteger:seed2102,anisotropic_noninteger,73x81x65,29x41x33,2102,0.25,scipy_polyphase,endpoint,0.0029478712935588113
anisotropic_noninteger:seed2102:ratio0.65,anisotropic_noninteger:seed2102,anisotropic_noninteger,73x81x65,29x41x33,2102,0.65,scipy_polyphase,endpoint,0.0033989716722040166
anisotropic_noninteger:seed2102:ratio1.00,anisotropic_noninteger:seed2102,anisotropic_noninteger,73x81x65,29x41x33,2102,1.0,scipy_polyphase,endpoint,0.004016882000789181
anisotropic_noninteger:seed2103:ratio0.25,anisotropic_noninteger:seed2103,anisotropic_noninteger,73x81x65,29x41x33,2103,0.25,splineops_projection,endpoint,0.07913361877549499
anisotropic_noninteger:seed2103:ratio0.65,anisotropic_noninteger:seed2103,anisotropic_noninteger,73x81x65,29x41x33,2103,0.65,splineops_projection,endpoint,0.20231477229017195
anisotropic_noninteger:seed2103:ratio1.00,anisotropic_noninteger:seed2103,anisotropic_noninteger,73x81x65,29x41x33,2103,1.0,splineops_projection,endpoint,0.3107175497313922
anisotropic_noninteger:seed2103:ratio0.25,anisotropic_noninteger:seed2103,anisotropic_noninteger,73x81x65,29x41x33,2103,0.25,splineops_interpolation,endpoint,0.24912262946045594
anisotropic_noninteger:seed2103:ratio0.65,anisotropic_noninteger:seed2103,anisotropic_noninteger,73x81x65,29x41x33,2103,0.65,splineops_interpolation,endpoint,0.6477188083966358
anisotropic_noninteger:seed2103:ratio1.00,anisotropic_noninteger:seed2103,anisotropic_noninteger,73x81x65,29x41x33,2103,1.0,splineops_interpolation,endpoint,0.996490512546275
anisotropic_noninteger:seed2103:ratio0.25,anisotropic_noninteger:seed2103,anisotropic_noninteger,73x81x65,29x41x33,2103,0.25,scipy_gaussian,endpoint,0.17807425882249184
anisotropic_noninteger:seed2103:ratio0.65,anisotropic_noninteger:seed2103,anisotropic_noninteger,73x81x65,29x41x33,2103,0.65,scipy_gaussian,endpoint,0.39419608126413697
anisotropic_noninteger:seed2103:ratio1.00,anisotropic_noninteger:seed2103,anisotropic_noninteger,73x81x65,29x41x33,2103,1.0,scipy_gaussian,endpoint,0.5948115820232144
anisotropic_noninteger:seed2103:ratio0.25,anisotropic_noninteger:seed2103,anisotropic_noninteger,73x81x65,29x41x33,2103,0.25,scipy_cubic,endpoint,0.24911760560376267
anisotropic_noninteger:seed2103:ratio0.65,anisotropic_noninteger:seed2103,anisotropic_noninteger,73x81x65,29x41x33,2103,0.65,scipy_cubic,endpoint,0.6477056728242215
anisotropic_noninteger:seed2103:ratio1.00,anisotropic_noninteger:seed2103,anisotropic_noninteger,73x81x65,29x41x33,2103,1.0,scipy_cubic,endpoint,0.9964702917766451
anisotropic_noninteger:seed2103:ratio0.25,anisotropic_noninteger:seed2103,anisotropic_noninteger,73x81x65,29x41x33,2103,0.25,skimage_resize,half_pixel,0.16525904482358433
anisotropic_noninteger:seed2103:ratio0.65,anisotropic_noninteger:seed2103,anisotropic_noninteger,73x81x65,29x41x33,2103,0.65,skimage_resize,half_pixel,0.35767982077693034
anisotropic_noninteger:seed2103:ratio1.00,anisotropic_noninteger:seed2103,anisotropic_noninteger,73x81x65,29x41x33,2103,1.0,skimage_resize,half_pixel,0.5379233894013221
anisotropic_noninteger:seed2103:ratio0.25,anisotropic_noninteger:seed2103,anisotropic_noninteger,73x81x65,29x41x33,2103,0.25,torch_trilinear,endpoint,0.24193340024273416
anisotropic_noninteger:seed2103:ratio0.65,anisotropic_noninteger:seed2103,anisotropic_noninteger,73x81x65,29x41x33,2103,0.65,torch_trilinear,endpoint,0.6283440890800495
anisotropic_noninteger:seed2103:ratio1.00,anisotropic_noninteger:seed2103,anisotropic_noninteger,73x81x65,29x41x33,2103,1.0,torch_trilinear,endpoint,0.9665783617435472
anisotropic_noninteger:seed2103:ratio0.25,anisotropic_noninteger:seed2103,anisotropic_noninteger,73x81x65,29x41x33,2103,0.25,torch_area,half_pixel,0.29511363144898634
anisotropic_noninteger:seed2103:ratio0.65,anisotropic_noninteger:seed2103,anisotropic_noninteger,73x81x65,29x41x33,2103,0.65,torch_area,half_pixel,0.30496015745936095
anisotropic_noninteger:seed2103:ratio1.00,anisotropic_noninteger:seed2103,anisotropic_noninteger,73x81x65,29x41x33,2103,1.0,torch_area,half_pixel,0.3200680307463248
anisotropic_noninteger:seed2103:ratio0.25,anisotropic_noninteger:seed2103,anisotropic_noninteger,73x81x65,29x41x33,2103,0.25,scipy_polyphase,endpoint,0.0024515888500775992
anisotropic_noninteger:seed2103:ratio0.65,anisotropic_noninteger:seed2103,anisotropic_noninteger,73x81x65,29x41x33,2103,0.65,scipy_polyphase,endpoint,0.0025182191205266233
anisotropic_noninteger:seed2103:ratio1.00,anisotropic_noninteger:seed2103,anisotropic_noninteger,73x81x65,29x41x33,2103,1.0,scipy_polyphase,endpoint,0.002621571251453792
anisotropic_noninteger:seed2104:ratio0.25,anisotropic_noninteger:seed2104,anisotropic_noninteger,73x81x65,29x41x33,2104,0.25,splineops_projection,endpoint,0.028125865234425684
anisotropic_noninteger:seed2104:ratio0.65,anisotropic_noninteger:seed2104,anisotropic_noninteger,73x81x65,29x41x33,2104,0.65,splineops_projection,endpoint,0.057195397197878105
anisotropic_noninteger:seed2104:ratio1.00,anisotropic_noninteger:seed2104,anisotropic_noninteger,73x81x65,29x41x33,2104,1.0,splineops_projection,endpoint,0.08515018059704631
anisotropic_noninteger:seed2104:ratio0.25,anisotropic_noninteger:seed2104,anisotropic_noninteger,73x81x65,29x41x33,2104,0.25,splineops_interpolation,endpoint,0.22038222826813542
anisotropic_noninteger:seed2104:ratio0.65,anisotropic_noninteger:seed2104,anisotropic_noninteger,73x81x65,29x41x33,2104,0.65,splineops_interpolation,endpoint,0.5729935858897612
anisotropic_noninteger:seed2104:ratio1.00,anisotropic_noninteger:seed2104,anisotropic_noninteger,73x81x65,29x41x33,2104,1.0,splineops_interpolation,endpoint,0.881528587560205
anisotropic_noninteger:seed2104:ratio0.25,anisotropic_noninteger:seed2104,anisotropic_noninteger,73x81x65,29x41x33,2104,0.25,scipy_gaussian,endpoint,0.1619778461010731
anisotropic_noninteger:seed2104:ratio0.65,anisotropic_noninteger:seed2104,anisotropic_noninteger,73x81x65,29x41x33,2104,0.65,scipy_gaussian,endpoint,0.2870290979148095
anisotropic_noninteger:seed2104:ratio1.00,anisotropic_noninteger:seed2104,anisotropic_noninteger,73x81x65,29x41x33,2104,1.0,scipy_gaussian,endpoint,0.41527254855802587
anisotropic_noninteger:seed2104:ratio0.25,anisotropic_noninteger:seed2104,anisotropic_noninteger,73x81x65,29x41x33,2104,0.25,scipy_cubic,endpoint,0.22033115925371308
anisotropic_noninteger:seed2104:ratio0.65,anisotropic_noninteger:seed2104,anisotropic_noninteger,73x81x65,29x41x33,2104,0.65,scipy_cubic,endpoint,0.5728606811013706
anisotropic_noninteger:seed2104:ratio1.00,anisotropic_noninteger:seed2104,anisotropic_noninteger,73x81x65,29x41x33,2104,1.0,scipy_cubic,endpoint,0.8813241077157575
anisotropic_noninteger:seed2104:ratio0.25,anisotropic_noninteger:seed2104,anisotropic_noninteger,73x81x65,29x41x33,2104,0.25,skimage_resize,half_pixel,0.14880223786771377
anisotropic_noninteger:seed2104:ratio0.65,anisotropic_noninteger:seed2104,anisotropic_noninteger,73x81x65,29x41x33,2104,0.65,skimage_resize,half_pixel,0.24226056676358704
anisotropic_noninteger:seed2104:ratio1.00,anisotropic_noninteger:seed2104,anisotropic_noninteger,73x81x65,29x41x33,2104,1.0,skimage_resize,half_pixel,0.34267679356936964
anisotropic_noninteger:seed2104:ratio0.25,anisotropic_noninteger:seed2104,anisotropic_noninteger,73x81x65,29x41x33,2104,0.25,torch_trilinear,endpoint,0.19854025559205501
anisotropic_noninteger:seed2104:ratio0.65,anisotropic_noninteger:seed2104,anisotropic_noninteger,73x81x65,29x41x33,2104,0.65,torch_trilinear,endpoint,0.51357644275541
anisotropic_noninteger:seed2104:ratio1.00,anisotropic_noninteger:seed2104,anisotropic_noninteger,73x81x65,29x41x33,2104,1.0,torch_trilinear,endpoint,0.7897105764404464
anisotropic_noninteger:seed2104:ratio0.25,anisotropic_noninteger:seed2104,anisotropic_noninteger,73x81x65,29x41x33,2104,0.25,torch_area,half_pixel,0.34604849409349464
anisotropic_noninteger:seed2104:ratio0.65,anisotropic_noninteger:seed2104,anisotropic_noninteger,73x81x65,29x41x33,2104,0.65,torch_area,half_pixel,0.3665454170126969
anisotropic_noninteger:seed2104:ratio1.00,anisotropic_noninteger:seed2104,anisotropic_noninteger,73x81x65,29x41x33,2104,1.0,torch_area,half_pixel,0.3972065854067894
anisotropic_noninteger:seed2104:ratio0.25,anisotropic_noninteger:seed2104,anisotropic_noninteger,73x81x65,29x41x33,2104,0.25,scipy_polyphase,endpoint,0.0014925411221224049
anisotropic_noninteger:seed2104:ratio0.65,anisotropic_noninteger:seed2104,anisotropic_noninteger,73x81x65,29x41x33,2104,0.65,scipy_polyphase,endpoint,0.0014980156602655153
anisotropic_noninteger:seed2104:ratio1.00,anisotropic_noninteger:seed2104,anisotropic_noninteger,73x81x65,29x41x33,2104,1.0,scipy_polyphase,endpoint,0.0015067111855587977
anisotropic_noninteger:seed2105:ratio0.25,anisotropic_noninteger:seed2105,anisotropic_noninteger,73x81x65,29x41x33,2105,0.25,splineops_projection,endpoint,0.05786694443620676
anisotropic_noninteger:seed2105:ratio0.65,anisotropic_noninteger:seed2105,anisotropic_noninteger,73x81x65,29x41x33,2105,0.65,splineops_projection,endpoint,0.14693717188317143
anisotropic_noninteger:seed2105:ratio1.00,anisotropic_noninteger:seed2105,anisotropic_noninteger,73x81x65,29x41x33,2105,1.0,splineops_projection,endpoint,0.2255085698663646
anisotropic_noninteger:seed2105:ratio0.25,anisotropic_noninteger:seed2105,anisotropic_noninteger,73x81x65,29x41x33,2105,0.25,splineops_interpolation,endpoint,0.24805069025964915
anisotropic_noninteger:seed2105:ratio0.65,anisotropic_noninteger:seed2105,anisotropic_noninteger,73x81x65,29x41x33,2105,0.65,splineops_interpolation,endpoint,0.6449317481911873
anisotropic_noninteger:seed2105:ratio1.00,anisotropic_noninteger:seed2105,anisotropic_noninteger,73x81x65,29x41x33,2105,1.0,splineops_interpolation,endpoint,0.9922027196652591
anisotropic_noninteger:seed2105:ratio0.25,anisotropic_noninteger:seed2105,anisotropic_noninteger,73x81x65,29x41x33,2105,0.25,scipy_gaussian,endpoint,0.16034635920275503
anisotropic_noninteger:seed2105:ratio0.65,anisotropic_noninteger:seed2105,anisotropic_noninteger,73x81x65,29x41x33,2105,0.65,scipy_gaussian,endpoint,0.3649043804287755
anisotropic_noninteger:seed2105:ratio1.00,anisotropic_noninteger:seed2105,anisotropic_noninteger,73x81x65,29x41x33,2105,1.0,scipy_gaussian,endpoint,0.5527277594116073
anisotropic_noninteger:seed2105:ratio0.25,anisotropic_noninteger:seed2105,anisotropic_noninteger,73x81x65,29x41x33,2105,0.25,scipy_cubic,endpoint,0.2480840371017395
anisotropic_noninteger:seed2105:ratio0.65,anisotropic_noninteger:seed2105,anisotropic_noninteger,73x81x65,29x41x33,2105,0.65,scipy_cubic,endpoint,0.6450181046094766
anisotropic_noninteger:seed2105:ratio1.00,anisotropic_noninteger:seed2105,anisotropic_noninteger,73x81x65,29x41x33,2105,1.0,scipy_cubic,endpoint,0.9923354615556702
anisotropic_noninteger:seed2105:ratio0.25,anisotropic_noninteger:seed2105,anisotropic_noninteger,73x81x65,29x41x33,2105,0.25,skimage_resize,half_pixel,0.1453030902149045
anisotropic_noninteger:seed2105:ratio0.65,anisotropic_noninteger:seed2105,anisotropic_noninteger,73x81x65,29x41x33,2105,0.65,skimage_resize,half_pixel,0.3231557776580613
anisotropic_noninteger:seed2105:ratio1.00,anisotropic_noninteger:seed2105,anisotropic_noninteger,73x81x65,29x41x33,2105,1.0,skimage_resize,half_pixel,0.4879201096655512
anisotropic_noninteger:seed2105:ratio0.25,anisotropic_noninteger:seed2105,anisotropic_noninteger,73x81x65,29x41x33,2105,0.25,torch_trilinear,endpoint,0.2307528681801188
anisotropic_noninteger:seed2105:ratio0.65,anisotropic_noninteger:seed2105,anisotropic_noninteger,73x81x65,29x41x33,2105,0.65,torch_trilinear,endpoint,0.5998180844539542
anisotropic_noninteger:seed2105:ratio1.00,anisotropic_noninteger:seed2105,anisotropic_noninteger,73x81x65,29x41x33,2105,1.0,torch_trilinear,endpoint,0.922773212306181
anisotropic_noninteger:seed2105:ratio0.25,anisotropic_noninteger:seed2105,anisotropic_noninteger,73x81x65,29x41x33,2105,0.25,torch_area,half_pixel,0.3083518110969325
anisotropic_noninteger:seed2105:ratio0.65,anisotropic_noninteger:seed2105,anisotropic_noninteger,73x81x65,29x41x33,2105,0.65,torch_area,half_pixel,0.32531039029353503
anisotropic_noninteger:seed2105:ratio1.00,anisotropic_noninteger:seed2105,anisotropic_noninteger,73x81x65,29x41x33,2105,1.0,torch_area,half_pixel,0.3508773384762918
anisotropic_noninteger:seed2105:ratio0.25,anisotropic_noninteger:seed2105,anisotropic_noninteger,73x81x65,29x41x33,2105,0.25,scipy_polyphase,endpoint,0.0025311201452572585
anisotropic_noninteger:seed2105:ratio0.65,anisotropic_noninteger:seed2105,anisotropic_noninteger,73x81x65,29x41x33,2105,0.65,scipy_polyphase,endpoint,0.002585514510641918
anisotropic_noninteger:seed2105:ratio1.00,anisotropic_noninteger:seed2105,anisotropic_noninteger,73x81x65,29x41x33,2105,1.0,scipy_polyphase,endpoint,0.002670373895994398
anisotropic_noninteger:seed2106:ratio0.25,anisotropic_noninteger:seed2106,anisotropic_noninteger,73x81x65,29x41x33,2106,0.25,splineops_projection,endpoint,0.05416147267755093
anisotropic_noninteger:seed2106:ratio0.65,anisotropic_noninteger:seed2106,anisotropic_noninteger,73x81x65,29x41x33,2106,0.65,splineops_projection,endpoint,0.14044587721311497
anisotropic_noninteger:seed2106:ratio1.00,anisotropic_noninteger:seed2106,anisotropic_noninteger,73x81x65,29x41x33,2106,1.0,splineops_projection,endpoint,0.21600300471890194
anisotropic_noninteger:seed2106:ratio0.25,anisotropic_noninteger:seed2106,anisotropic_noninteger,73x81x65,29x41x33,2106,0.25,splineops_interpolation,endpoint,0.24932078212930167
anisotropic_noninteger:seed2106:ratio0.65,anisotropic_noninteger:seed2106,anisotropic_noninteger,73x81x65,29x41x33,2106,0.65,splineops_interpolation,endpoint,0.6482340315694969
anisotropic_noninteger:seed2106:ratio1.00,anisotropic_noninteger:seed2106,anisotropic_noninteger,73x81x65,29x41x33,2106,1.0,splineops_interpolation,endpoint,0.9972831697275408
anisotropic_noninteger:seed2106:ratio0.25,anisotropic_noninteger:seed2106,anisotropic_noninteger,73x81x65,29x41x33,2106,0.25,scipy_gaussian,endpoint,0.15756553551444927
anisotropic_noninteger:seed2106:ratio0.65,anisotropic_noninteger:seed2106,anisotropic_noninteger,73x81x65,29x41x33,2106,0.65,scipy_gaussian,endpoint,0.3868244864817364
anisotropic_noninteger:seed2106:ratio1.00,anisotropic_noninteger:seed2106,anisotropic_noninteger,73x81x65,29x41x33,2106,1.0,scipy_gaussian,endpoint,0.5915852839093165
anisotropic_noninteger:seed2106:ratio0.25,anisotropic_noninteger:seed2106,anisotropic_noninteger,73x81x65,29x41x33,2106,0.25,scipy_cubic,endpoint,0.24930907292609797
anisotropic_noninteger:seed2106:ratio0.65,anisotropic_noninteger:seed2106,anisotropic_noninteger,73x81x65,29x41x33,2106,0.65,scipy_cubic,endpoint,0.6482039833453959
anisotropic_noninteger:seed2106:ratio1.00,anisotropic_noninteger:seed2106,anisotropic_noninteger,73x81x65,29x41x33,2106,1.0,scipy_cubic,endpoint,0.9972370779312678
anisotropic_noninteger:seed2106:ratio0.25,anisotropic_noninteger:seed2106,anisotropic_noninteger,73x81x65,29x41x33,2106,0.25,skimage_resize,half_pixel,0.1332631008390375
anisotropic_noninteger:seed2106:ratio0.65,anisotropic_noninteger:seed2106,anisotropic_noninteger,73x81x65,29x41x33,2106,0.65,skimage_resize,half_pixel,0.3211420747122378
anisotropic_noninteger:seed2106:ratio1.00,anisotropic_noninteger:seed2106,anisotropic_noninteger,73x81x65,29x41x33,2106,1.0,skimage_resize,half_pixel,0.49014056311234777
anisotropic_noninteger:seed2106:ratio0.25,anisotropic_noninteger:seed2106,anisotropic_noninteger,73x81x65,29x41x33,2106,0.25,torch_trilinear,endpoint,0.24302881405601415
anisotropic_noninteger:seed2106:ratio0.65,anisotropic_noninteger:seed2106,anisotropic_noninteger,73x81x65,29x41x33,2106,0.65,torch_trilinear,endpoint,0.6316174960690706
anisotropic_noninteger:seed2106:ratio1.00,anisotropic_noninteger:seed2106,anisotropic_noninteger,73x81x65,29x41x33,2106,1.0,torch_trilinear,endpoint,0.9716818902722605
anisotropic_noninteger:seed2106:ratio0.25,anisotropic_noninteger:seed2106,anisotropic_noninteger,73x81x65,29x41x33,2106,0.25,torch_area,half_pixel,0.21444754441794128
anisotropic_noninteger:seed2106:ratio0.65,anisotropic_noninteger:seed2106,anisotropic_noninteger,73x81x65,29x41x33,2106,0.65,torch_area,half_pixel,0.2511591984400935
anisotropic_noninteger:seed2106:ratio1.00,anisotropic_noninteger:seed2106,anisotropic_noninteger,73x81x65,29x41x33,2106,1.0,torch_area,half_pixel,0.3012503990581605
anisotropic_noninteger:seed2106:ratio0.25,anisotropic_noninteger:seed2106,anisotropic_noninteger,73x81x65,29x41x33,2106,0.25,scipy_polyphase,endpoint,0.001512067834375976
anisotropic_noninteger:seed2106:ratio0.65,anisotropic_noninteger:seed2106,anisotropic_noninteger,73x81x65,29x41x33,2106,0.65,scipy_polyphase,endpoint,0.0015564163283850838
anisotropic_noninteger:seed2106:ratio1.00,anisotropic_noninteger:seed2106,anisotropic_noninteger,73x81x65,29x41x33,2106,1.0,scipy_polyphase,endpoint,0.0016252838817473806
anisotropic_noninteger:seed2107:ratio0.25,anisotropic_noninteger:seed2107,anisotropic_noninteger,73x81x65,29x41x33,2107,0.25,splineops_projection,endpoint,0.06109498462788378
anisotropic_noninteger:seed2107:ratio0.65,anisotropic_noninteger:seed2107,anisotropic_noninteger,73x81x65,29x41x33,2107,0.65,splineops_projection,endpoint,0.15771462945446207
anisotropic_noninteger:seed2107:ratio1.00,anisotropic_noninteger:seed2107,anisotropic_noninteger,73x81x65,29x41x33,2107,1.0,splineops_projection,endpoint,0.24246298682328377
anisotropic_noninteger:seed2107:ratio0.25,anisotropic_noninteger:seed2107,anisotropic_noninteger,73x81x65,29x41x33,2107,0.25,splineops_interpolation,endpoint,0.2500080982880174
anisotropic_noninteger:seed2107:ratio0.65,anisotropic_noninteger:seed2107,anisotropic_noninteger,73x81x65,29x41x33,2107,0.65,splineops_interpolation,endpoint,0.650021018977364
anisotropic_noninteger:seed2107:ratio1.00,anisotropic_noninteger:seed2107,anisotropic_noninteger,73x81x65,29x41x33,2107,1.0,splineops_interpolation,endpoint,1.000032370654758
anisotropic_noninteger:seed2107:ratio0.25,anisotropic_noninteger:seed2107,anisotropic_noninteger,73x81x65,29x41x33,2107,0.25,scipy_gaussian,endpoint,0.1716024597442306
anisotropic_noninteger:seed2107:ratio0.65,anisotropic_noninteger:seed2107,anisotropic_noninteger,73x81x65,29x41x33,2107,0.65,scipy_gaussian,endpoint,0.41659117844899757
anisotropic_noninteger:seed2107:ratio1.00,anisotropic_noninteger:seed2107,anisotropic_noninteger,73x81x65,29x41x33,2107,1.0,scipy_gaussian,endpoint,0.6361656205541979
anisotropic_noninteger:seed2107:ratio0.25,anisotropic_noninteger:seed2107,anisotropic_noninteger,73x81x65,29x41x33,2107,0.25,scipy_cubic,endpoint,0.25000606117239166
anisotropic_noninteger:seed2107:ratio0.65,anisotropic_noninteger:seed2107,anisotropic_noninteger,73x81x65,29x41x33,2107,0.65,scipy_cubic,endpoint,0.6500157257510059
anisotropic_noninteger:seed2107:ratio1.00,anisotropic_noninteger:seed2107,anisotropic_noninteger,73x81x65,29x41x33,2107,1.0,scipy_cubic,endpoint,1.000024231083406
anisotropic_noninteger:seed2107:ratio0.25,anisotropic_noninteger:seed2107,anisotropic_noninteger,73x81x65,29x41x33,2107,0.25,skimage_resize,half_pixel,0.15144640521765043
anisotropic_noninteger:seed2107:ratio0.65,anisotropic_noninteger:seed2107,anisotropic_noninteger,73x81x65,29x41x33,2107,0.65,skimage_resize,half_pixel,0.3616228781890039
anisotropic_noninteger:seed2107:ratio1.00,anisotropic_noninteger:seed2107,anisotropic_noninteger,73x81x65,29x41x33,2107,1.0,skimage_resize,half_pixel,0.55113749061415
anisotropic_noninteger:seed2107:ratio0.25,anisotropic_noninteger:seed2107,anisotropic_noninteger,73x81x65,29x41x33,2107,0.25,torch_trilinear,endpoint,0.24833769282233642
anisotropic_noninteger:seed2107:ratio0.65,anisotropic_noninteger:seed2107,anisotropic_noninteger,73x81x65,29x41x33,2107,0.65,torch_trilinear,endpoint,0.6454650110790481
anisotropic_noninteger:seed2107:ratio1.00,anisotropic_noninteger:seed2107,anisotropic_noninteger,73x81x65,29x41x33,2107,1.0,torch_trilinear,endpoint,0.9929897703233767
anisotropic_noninteger:seed2107:ratio0.25,anisotropic_noninteger:seed2107,anisotropic_noninteger,73x81x65,29x41x33,2107,0.25,torch_area,half_pixel,0.23877790546570674
anisotropic_noninteger:seed2107:ratio0.65,anisotropic_noninteger:seed2107,anisotropic_noninteger,73x81x65,29x41x33,2107,0.65,torch_area,half_pixel,0.2646592529016113
anisotropic_noninteger:seed2107:ratio1.00,anisotropic_noninteger:seed2107,anisotropic_noninteger,73x81x65,29x41x33,2107,1.0,torch_area,half_pixel,0.3016979623605364
anisotropic_noninteger:seed2107:ratio0.25,anisotropic_noninteger:seed2107,anisotropic_noninteger,73x81x65,29x41x33,2107,0.25,scipy_polyphase,endpoint,0.0017619428651866323
anisotropic_noninteger:seed2107:ratio0.65,anisotropic_noninteger:seed2107,anisotropic_noninteger,73x81x65,29x41x33,2107,0.65,scipy_polyphase,endpoint,0.00220935009959523
anisotropic_noninteger:seed2107:ratio1.00,anisotropic_noninteger:seed2107,anisotropic_noninteger,73x81x65,29x41x33,2107,1.0,scipy_polyphase,endpoint,0.002780461650465666
mixed_reduction:seed2200:ratio0.25,mixed_reduction:seed2200,mixed_reduction,97x81x65,25x41x49,2200,0.25,splineops_projection,endpoint,0.07272386443925956
mixed_reduction:seed2200:ratio0.65,mixed_reduction:seed2200,mixed_reduction,97x81x65,25x41x49,2200,0.65,splineops_projection,endpoint,0.1885138675611242
mixed_reduction:seed2200:ratio1.00,mixed_reduction:seed2200,mixed_reduction,97x81x65,25x41x49,2200,1.0,splineops_projection,endpoint,0.289933768253485
mixed_reduction:seed2200:ratio0.25,mixed_reduction:seed2200,mixed_reduction,97x81x65,25x41x49,2200,0.25,splineops_interpolation,endpoint,0.23028545000703735
mixed_reduction:seed2200:ratio0.65,mixed_reduction:seed2200,mixed_reduction,97x81x65,25x41x49,2200,0.65,splineops_interpolation,endpoint,0.5987276373674344
mixed_reduction:seed2200:ratio1.00,mixed_reduction:seed2200,mixed_reduction,97x81x65,25x41x49,2200,1.0,splineops_interpolation,endpoint,0.9211169780877967
mixed_reduction:seed2200:ratio0.25,mixed_reduction:seed2200,mixed_reduction,97x81x65,25x41x49,2200,0.25,scipy_gaussian,endpoint,0.13677393510932634
mixed_reduction:seed2200:ratio0.65,mixed_reduction:seed2200,mixed_reduction,97x81x65,25x41x49,2200,0.65,scipy_gaussian,endpoint,0.33644163723549514
mixed_reduction:seed2200:ratio1.00,mixed_reduction:seed2200,mixed_reduction,97x81x65,25x41x49,2200,1.0,scipy_gaussian,endpoint,0.514541105733577
mixed_reduction:seed2200:ratio0.25,mixed_reduction:seed2200,mixed_reduction,97x81x65,25x41x49,2200,0.25,scipy_cubic,endpoint,0.22994572856718332
mixed_reduction:seed2200:ratio0.65,mixed_reduction:seed2200,mixed_reduction,97x81x65,25x41x49,2200,0.65,scipy_cubic,endpoint,0.5978285020254035
mixed_reduction:seed2200:ratio1.00,mixed_reduction:seed2200,mixed_reduction,97x81x65,25x41x49,2200,1.0,scipy_cubic,endpoint,0.9197305088422343
mixed_reduction:seed2200:ratio0.25,mixed_reduction:seed2200,mixed_reduction,97x81x65,25x41x49,2200,0.25,skimage_resize,half_pixel,0.12980314398527323
mixed_reduction:seed2200:ratio0.65,mixed_reduction:seed2200,mixed_reduction,97x81x65,25x41x49,2200,0.65,skimage_resize,half_pixel,0.3184909001467752
mixed_reduction:seed2200:ratio1.00,mixed_reduction:seed2200,mixed_reduction,97x81x65,25x41x49,2200,1.0,skimage_resize,half_pixel,0.4869515545089555
mixed_reduction:seed2200:ratio0.25,mixed_reduction:seed2200,mixed_reduction,97x81x65,25x41x49,2200,0.25,torch_trilinear,endpoint,0.21749982459923284
mixed_reduction:seed2200:ratio0.65,mixed_reduction:seed2200,mixed_reduction,97x81x65,25x41x49,2200,0.65,torch_trilinear,endpoint,0.5523586919369936
mixed_reduction:seed2200:ratio1.00,mixed_reduction:seed2200,mixed_reduction,97x81x65,25x41x49,2200,1.0,torch_trilinear,endpoint,0.8477239644813477
mixed_reduction:seed2200:ratio0.25,mixed_reduction:seed2200,mixed_reduction,97x81x65,25x41x49,2200,0.25,torch_area,half_pixel,0.24390593093807908
mixed_reduction:seed2200:ratio0.65,mixed_reduction:seed2200,mixed_reduction,97x81x65,25x41x49,2200,0.65,torch_area,half_pixel,0.26412653821486204
mixed_reduction:seed2200:ratio1.00,mixed_reduction:seed2200,mixed_reduction,97x81x65,25x41x49,2200,1.0,torch_area,half_pixel,0.29363139611973743
mixed_reduction:seed2200:ratio0.25,mixed_reduction:seed2200,mixed_reduction,97x81x65,25x41x49,2200,0.25,scipy_polyphase,endpoint,0.0018584206763581337
mixed_reduction:seed2200:ratio0.65,mixed_reduction:seed2200,mixed_reduction,97x81x65,25x41x49,2200,0.65,scipy_polyphase,endpoint,0.002288283304246397
mixed_reduction:seed2200:ratio1.00,mixed_reduction:seed2200,mixed_reduction,97x81x65,25x41x49,2200,1.0,scipy_polyphase,endpoint,0.002845134552710407
mixed_reduction:seed2201:ratio0.25,mixed_reduction:seed2201,mixed_reduction,97x81x65,25x41x49,2201,0.25,splineops_projection,endpoint,0.08600075638017401
mixed_reduction:seed2201:ratio0.65,mixed_reduction:seed2201,mixed_reduction,97x81x65,25x41x49,2201,0.65,splineops_projection,endpoint,0.21730959025123794
mixed_reduction:seed2201:ratio1.00,mixed_reduction:seed2201,mixed_reduction,97x81x65,25x41x49,2201,1.0,splineops_projection,endpoint,0.33333634263706363
mixed_reduction:seed2201:ratio0.25,mixed_reduction:seed2201,mixed_reduction,97x81x65,25x41x49,2201,0.25,splineops_interpolation,endpoint,0.21752981113315956
mixed_reduction:seed2201:ratio0.65,mixed_reduction:seed2201,mixed_reduction,97x81x65,25x41x49,2201,0.65,splineops_interpolation,endpoint,0.5655322418708794
mixed_reduction:seed2201:ratio1.00,mixed_reduction:seed2201,mixed_reduction,97x81x65,25x41x49,2201,1.0,splineops_interpolation,endpoint,0.8700423375235405
mixed_reduction:seed2201:ratio0.25,mixed_reduction:seed2201,mixed_reduction,97x81x65,25x41x49,2201,0.25,scipy_gaussian,endpoint,0.2130502330318313
mixed_reduction:seed2201:ratio0.65,mixed_reduction:seed2201,mixed_reduction,97x81x65,25x41x49,2201,0.65,scipy_gaussian,endpoint,0.45304916045284793
mixed_reduction:seed2201:ratio1.00,mixed_reduction:seed2201,mixed_reduction,97x81x65,25x41x49,2201,1.0,scipy_gaussian,endpoint,0.6794873627980756
mixed_reduction:seed2201:ratio0.25,mixed_reduction:seed2201,mixed_reduction,97x81x65,25x41x49,2201,0.25,scipy_cubic,endpoint,0.21686333309504588
mixed_reduction:seed2201:ratio0.65,mixed_reduction:seed2201,mixed_reduction,97x81x65,25x41x49,2201,0.65,scipy_cubic,endpoint,0.5637603472740006
mixed_reduction:seed2201:ratio1.00,mixed_reduction:seed2201,mixed_reduction,97x81x65,25x41x49,2201,1.0,scipy_cubic,endpoint,0.8673097499037999
mixed_reduction:seed2201:ratio0.25,mixed_reduction:seed2201,mixed_reduction,97x81x65,25x41x49,2201,0.25,skimage_resize,half_pixel,0.20573180361092938
mixed_reduction:seed2201:ratio0.65,mixed_reduction:seed2201,mixed_reduction,97x81x65,25x41x49,2201,0.65,skimage_resize,half_pixel,0.43529533123123726
mixed_reduction:seed2201:ratio1.00,mixed_reduction:seed2201,mixed_reduction,97x81x65,25x41x49,2201,1.0,skimage_resize,half_pixel,0.6523394700076314
mixed_reduction:seed2201:ratio0.25,mixed_reduction:seed2201,mixed_reduction,97x81x65,25x41x49,2201,0.25,torch_trilinear,endpoint,0.21846255071018175
mixed_reduction:seed2201:ratio0.65,mixed_reduction:seed2201,mixed_reduction,97x81x65,25x41x49,2201,0.65,torch_trilinear,endpoint,0.5320974963060108
mixed_reduction:seed2201:ratio1.00,mixed_reduction:seed2201,mixed_reduction,97x81x65,25x41x49,2201,1.0,torch_trilinear,endpoint,0.8128607170098736
mixed_reduction:seed2201:ratio0.25,mixed_reduction:seed2201,mixed_reduction,97x81x65,25x41x49,2201,0.25,torch_area,half_pixel,0.4155676025500459
mixed_reduction:seed2201:ratio0.65,mixed_reduction:seed2201,mixed_reduction,97x81x65,25x41x49,2201,0.65,torch_area,half_pixel,0.4281512675466507
mixed_reduction:seed2201:ratio1.00,mixed_reduction:seed2201,mixed_reduction,97x81x65,25x41x49,2201,1.0,torch_area,half_pixel,0.4476073634735497
mixed_reduction:seed2201:ratio0.25,mixed_reduction:seed2201,mixed_reduction,97x81x65,25x41x49,2201,0.25,scipy_polyphase,endpoint,0.0018719443789108061
mixed_reduction:seed2201:ratio0.65,mixed_reduction:seed2201,mixed_reduction,97x81x65,25x41x49,2201,0.65,scipy_polyphase,endpoint,0.0021110205825083405
mixed_reduction:seed2201:ratio1.00,mixed_reduction:seed2201,mixed_reduction,97x81x65,25x41x49,2201,1.0,scipy_polyphase,endpoint,0.0024462067764929513
mixed_reduction:seed2202:ratio0.25,mixed_reduction:seed2202,mixed_reduction,97x81x65,25x41x49,2202,0.25,splineops_projection,endpoint,0.07452646636092479
mixed_reduction:seed2202:ratio0.65,mixed_reduction:seed2202,mixed_reduction,97x81x65,25x41x49,2202,0.65,splineops_projection,endpoint,0.19023163725855027
mixed_reduction:seed2202:ratio1.00,mixed_reduction:seed2202,mixed_reduction,97x81x65,25x41x49,2202,1.0,splineops_projection,endpoint,0.292112739387155
mixed_reduction:seed2202:ratio0.25,mixed_reduction:seed2202,mixed_reduction,97x81x65,25x41x49,2202,0.25,splineops_interpolation,endpoint,0.23916849070880083
mixed_reduction:seed2202:ratio0.65,mixed_reduction:seed2202,mixed_reduction,97x81x65,25x41x49,2202,0.65,splineops_interpolation,endpoint,0.6218275536374077
mixed_reduction:seed2202:ratio1.00,mixed_reduction:seed2202,mixed_reduction,97x81x65,25x41x49,2202,1.0,splineops_interpolation,endpoint,0.9566562404842306
mixed_reduction:seed2202:ratio0.25,mixed_reduction:seed2202,mixed_reduction,97x81x65,25x41x49,2202,0.25,scipy_gaussian,endpoint,0.16430664167502526
mixed_reduction:seed2202:ratio0.65,mixed_reduction:seed2202,mixed_reduction,97x81x65,25x41x49,2202,0.65,scipy_gaussian,endpoint,0.3247924082622241
mixed_reduction:seed2202:ratio1.00,mixed_reduction:seed2202,mixed_reduction,97x81x65,25x41x49,2202,1.0,scipy_gaussian,endpoint,0.4810852539606905
mixed_reduction:seed2202:ratio0.25,mixed_reduction:seed2202,mixed_reduction,97x81x65,25x41x49,2202,0.25,scipy_cubic,endpoint,0.23901181354846368
mixed_reduction:seed2202:ratio0.65,mixed_reduction:seed2202,mixed_reduction,97x81x65,25x41x49,2202,0.65,scipy_cubic,endpoint,0.6214083564546826
mixed_reduction:seed2202:ratio1.00,mixed_reduction:seed2202,mixed_reduction,97x81x65,25x41x49,2202,1.0,scipy_cubic,endpoint,0.9560092127278575
mixed_reduction:seed2202:ratio0.25,mixed_reduction:seed2202,mixed_reduction,97x81x65,25x41x49,2202,0.25,skimage_resize,half_pixel,0.15790865460810777
mixed_reduction:seed2202:ratio0.65,mixed_reduction:seed2202,mixed_reduction,97x81x65,25x41x49,2202,0.65,skimage_resize,half_pixel,0.3086757562520853
mixed_reduction:seed2202:ratio1.00,mixed_reduction:seed2202,mixed_reduction,97x81x65,25x41x49,2202,1.0,skimage_resize,half_pixel,0.45620786426389176
mixed_reduction:seed2202:ratio0.25,mixed_reduction:seed2202,mixed_reduction,97x81x65,25x41x49,2202,0.25,torch_trilinear,endpoint,0.23392914700535117
mixed_reduction:seed2202:ratio0.65,mixed_reduction:seed2202,mixed_reduction,97x81x65,25x41x49,2202,0.65,torch_trilinear,endpoint,0.596915777559949
mixed_reduction:seed2202:ratio1.00,mixed_reduction:seed2202,mixed_reduction,97x81x65,25x41x49,2202,1.0,torch_trilinear,endpoint,0.9165845713633992
mixed_reduction:seed2202:ratio0.25,mixed_reduction:seed2202,mixed_reduction,97x81x65,25x41x49,2202,0.25,torch_area,half_pixel,0.2842638219149388
mixed_reduction:seed2202:ratio0.65,mixed_reduction:seed2202,mixed_reduction,97x81x65,25x41x49,2202,0.65,torch_area,half_pixel,0.29915433271384395
mixed_reduction:seed2202:ratio1.00,mixed_reduction:seed2202,mixed_reduction,97x81x65,25x41x49,2202,1.0,torch_area,half_pixel,0.3218682551446309
mixed_reduction:seed2202:ratio0.25,mixed_reduction:seed2202,mixed_reduction,97x81x65,25x41x49,2202,0.25,scipy_polyphase,endpoint,0.0025206653049323676
mixed_reduction:seed2202:ratio0.65,mixed_reduction:seed2202,mixed_reduction,97x81x65,25x41x49,2202,0.65,scipy_polyphase,endpoint,0.0026060096192577656
mixed_reduction:seed2202:ratio1.00,mixed_reduction:seed2202,mixed_reduction,97x81x65,25x41x49,2202,1.0,scipy_polyphase,endpoint,0.002737157963935348
mixed_reduction:seed2203:ratio0.25,mixed_reduction:seed2203,mixed_reduction,97x81x65,25x41x49,2203,0.25,splineops_projection,endpoint,0.06622433710826717
mixed_reduction:seed2203:ratio0.65,mixed_reduction:seed2203,mixed_reduction,97x81x65,25x41x49,2203,0.65,splineops_projection,endpoint,0.16948417871002647
mixed_reduction:seed2203:ratio1.00,mixed_reduction:seed2203,mixed_reduction,97x81x65,25x41x49,2203,1.0,splineops_projection,endpoint,0.2603220311290928
mixed_reduction:seed2203:ratio0.25,mixed_reduction:seed2203,mixed_reduction,97x81x65,25x41x49,2203,0.25,splineops_interpolation,endpoint,0.22879513924717426
mixed_reduction:seed2203:ratio0.65,mixed_reduction:seed2203,mixed_reduction,97x81x65,25x41x49,2203,0.65,splineops_interpolation,endpoint,0.5948652123483361
mixed_reduction:seed2203:ratio1.00,mixed_reduction:seed2203,mixed_reduction,97x81x65,25x41x49,2203,1.0,splineops_interpolation,endpoint,0.9151769562514932
mixed_reduction:seed2203:ratio0.25,mixed_reduction:seed2203,mixed_reduction,97x81x65,25x41x49,2203,0.25,scipy_gaussian,endpoint,0.17179781784312398
mixed_reduction:seed2203:ratio0.65,mixed_reduction:seed2203,mixed_reduction,97x81x65,25x41x49,2203,0.65,scipy_gaussian,endpoint,0.3459923393600046
mixed_reduction:seed2203:ratio1.00,mixed_reduction:seed2203,mixed_reduction,97x81x65,25x41x49,2203,1.0,scipy_gaussian,endpoint,0.5142296587542308
mixed_reduction:seed2203:ratio0.25,mixed_reduction:seed2203,mixed_reduction,97x81x65,25x41x49,2203,0.25,scipy_cubic,endpoint,0.22844502277533377
mixed_reduction:seed2203:ratio0.65,mixed_reduction:seed2203,mixed_reduction,97x81x65,25x41x49,2203,0.65,scipy_cubic,endpoint,0.593940658425023
mixed_reduction:seed2203:ratio1.00,mixed_reduction:seed2203,mixed_reduction,97x81x65,25x41x49,2203,1.0,scipy_cubic,endpoint,0.9137510673947808
mixed_reduction:seed2203:ratio0.25,mixed_reduction:seed2203,mixed_reduction,97x81x65,25x41x49,2203,0.25,skimage_resize,half_pixel,0.1658681895699438
mixed_reduction:seed2203:ratio0.65,mixed_reduction:seed2203,mixed_reduction,97x81x65,25x41x49,2203,0.65,skimage_resize,half_pixel,0.331769748732927
mixed_reduction:seed2203:ratio1.00,mixed_reduction:seed2203,mixed_reduction,97x81x65,25x41x49,2203,1.0,skimage_resize,half_pixel,0.4924688713579111
mixed_reduction:seed2203:ratio0.25,mixed_reduction:seed2203,mixed_reduction,97x81x65,25x41x49,2203,0.25,torch_trilinear,endpoint,0.22123102006411002
mixed_reduction:seed2203:ratio0.65,mixed_reduction:seed2203,mixed_reduction,97x81x65,25x41x49,2203,0.65,torch_trilinear,endpoint,0.5683864606495967
mixed_reduction:seed2203:ratio1.00,mixed_reduction:seed2203,mixed_reduction,97x81x65,25x41x49,2203,1.0,torch_trilinear,endpoint,0.8733827369525068
mixed_reduction:seed2203:ratio0.25,mixed_reduction:seed2203,mixed_reduction,97x81x65,25x41x49,2203,0.25,torch_area,half_pixel,0.2682233623015989
mixed_reduction:seed2203:ratio0.65,mixed_reduction:seed2203,mixed_reduction,97x81x65,25x41x49,2203,0.65,torch_area,half_pixel,0.28411331972562626
mixed_reduction:seed2203:ratio1.00,mixed_reduction:seed2203,mixed_reduction,97x81x65,25x41x49,2203,1.0,torch_area,half_pixel,0.3079175524947286
mixed_reduction:seed2203:ratio0.25,mixed_reduction:seed2203,mixed_reduction,97x81x65,25x41x49,2203,0.25,scipy_polyphase,endpoint,0.001904249379348522
mixed_reduction:seed2203:ratio0.65,mixed_reduction:seed2203,mixed_reduction,97x81x65,25x41x49,2203,0.65,scipy_polyphase,endpoint,0.0019761727864332904
mixed_reduction:seed2203:ratio1.00,mixed_reduction:seed2203,mixed_reduction,97x81x65,25x41x49,2203,1.0,scipy_polyphase,endpoint,0.002086470731542528
mixed_reduction:seed2204:ratio0.25,mixed_reduction:seed2204,mixed_reduction,97x81x65,25x41x49,2204,0.25,splineops_projection,endpoint,0.030499078484309886
mixed_reduction:seed2204:ratio0.65,mixed_reduction:seed2204,mixed_reduction,97x81x65,25x41x49,2204,0.65,splineops_projection,endpoint,0.07598959043877153
mixed_reduction:seed2204:ratio1.00,mixed_reduction:seed2204,mixed_reduction,97x81x65,25x41x49,2204,1.0,splineops_projection,endpoint,0.11638316269066454
mixed_reduction:seed2204:ratio0.25,mixed_reduction:seed2204,mixed_reduction,97x81x65,25x41x49,2204,0.25,splineops_interpolation,endpoint,0.2490590011098246
mixed_reduction:seed2204:ratio0.65,mixed_reduction:seed2204,mixed_reduction,97x81x65,25x41x49,2204,0.65,splineops_interpolation,endpoint,0.6475377236337869
mixed_reduction:seed2204:ratio1.00,mixed_reduction:seed2204,mixed_reduction,97x81x65,25x41x49,2204,1.0,splineops_interpolation,endpoint,0.996209498694261
mixed_reduction:seed2204:ratio0.25,mixed_reduction:seed2204,mixed_reduction,97x81x65,25x41x49,2204,0.25,scipy_gaussian,endpoint,0.10908028118219512
mixed_reduction:seed2204:ratio0.65,mixed_reduction:seed2204,mixed_reduction,97x81x65,25x41x49,2204,0.65,scipy_gaussian,endpoint,0.22353119592170465
mixed_reduction:seed2204:ratio1.00,mixed_reduction:seed2204,mixed_reduction,97x81x65,25x41x49,2204,1.0,scipy_gaussian,endpoint,0.33322094637704647
mixed_reduction:seed2204:ratio0.25,mixed_reduction:seed2204,mixed_reduction,97x81x65,25x41x49,2204,0.25,scipy_cubic,endpoint,0.24906621018430158
mixed_reduction:seed2204:ratio0.65,mixed_reduction:seed2204,mixed_reduction,97x81x65,25x41x49,2204,0.65,scipy_cubic,endpoint,0.6475368471692676
mixed_reduction:seed2204:ratio1.00,mixed_reduction:seed2204,mixed_reduction,97x81x65,25x41x49,2204,1.0,scipy_cubic,endpoint,0.996205036310145
mixed_reduction:seed2204:ratio0.25,mixed_reduction:seed2204,mixed_reduction,97x81x65,25x41x49,2204,0.25,skimage_resize,half_pixel,0.10076271944517763
mixed_reduction:seed2204:ratio0.65,mixed_reduction:seed2204,mixed_reduction,97x81x65,25x41x49,2204,0.65,skimage_resize,half_pixel,0.19929050079720104
mixed_reduction:seed2204:ratio1.00,mixed_reduction:seed2204,mixed_reduction,97x81x65,25x41x49,2204,1.0,skimage_resize,half_pixel,0.2952019255498652
mixed_reduction:seed2204:ratio0.25,mixed_reduction:seed2204,mixed_reduction,97x81x65,25x41x49,2204,0.25,torch_trilinear,endpoint,0.2555425756640695
mixed_reduction:seed2204:ratio0.65,mixed_reduction:seed2204,mixed_reduction,97x81x65,25x41x49,2204,0.65,torch_trilinear,endpoint,0.6422645059106699
mixed_reduction:seed2204:ratio1.00,mixed_reduction:seed2204,mixed_reduction,97x81x65,25x41x49,2204,1.0,torch_trilinear,endpoint,0.9846165723951695
mixed_reduction:seed2204:ratio0.25,mixed_reduction:seed2204,mixed_reduction,97x81x65,25x41x49,2204,0.25,torch_area,half_pixel,0.29301118425345357
mixed_reduction:seed2204:ratio0.65,mixed_reduction:seed2204,mixed_reduction,97x81x65,25x41x49,2204,0.65,torch_area,half_pixel,0.3005018652581603
mixed_reduction:seed2204:ratio1.00,mixed_reduction:seed2204,mixed_reduction,97x81x65,25x41x49,2204,1.0,torch_area,half_pixel,0.31218159385471805
mixed_reduction:seed2204:ratio0.25,mixed_reduction:seed2204,mixed_reduction,97x81x65,25x41x49,2204,0.25,scipy_polyphase,endpoint,0.0020053250277939604
mixed_reduction:seed2204:ratio0.65,mixed_reduction:seed2204,mixed_reduction,97x81x65,25x41x49,2204,0.65,scipy_polyphase,endpoint,0.0020247893111188142
mixed_reduction:seed2204:ratio1.00,mixed_reduction:seed2204,mixed_reduction,97x81x65,25x41x49,2204,1.0,scipy_polyphase,endpoint,0.0020556178148489323
mixed_reduction:seed2205:ratio0.25,mixed_reduction:seed2205,mixed_reduction,97x81x65,25x41x49,2205,0.25,splineops_projection,endpoint,0.0569305829664811
mixed_reduction:seed2205:ratio0.65,mixed_reduction:seed2205,mixed_reduction,97x81x65,25x41x49,2205,0.65,splineops_projection,endpoint,0.14458149100837978
mixed_reduction:seed2205:ratio1.00,mixed_reduction:seed2205,mixed_reduction,97x81x65,25x41x49,2205,1.0,splineops_projection,endpoint,0.2218943521462365
mixed_reduction:seed2205:ratio0.25,mixed_reduction:seed2205,mixed_reduction,97x81x65,25x41x49,2205,0.25,splineops_interpolation,endpoint,0.23807279092413586
mixed_reduction:seed2205:ratio0.65,mixed_reduction:seed2205,mixed_reduction,97x81x65,25x41x49,2205,0.65,splineops_interpolation,endpoint,0.618984178580078
mixed_reduction:seed2205:ratio1.00,mixed_reduction:seed2205,mixed_reduction,97x81x65,25x41x49,2205,1.0,splineops_interpolation,endpoint,0.9522826073851016
mixed_reduction:seed2205:ratio0.25,mixed_reduction:seed2205,mixed_reduction,97x81x65,25x41x49,2205,0.25,scipy_gaussian,endpoint,0.1656213535461385
mixed_reduction:seed2205:ratio0.65,mixed_reduction:seed2205,mixed_reduction,97x81x65,25x41x49,2205,0.65,scipy_gaussian,endpoint,0.33633592527231787
mixed_reduction:seed2205:ratio1.00,mixed_reduction:seed2205,mixed_reduction,97x81x65,25x41x49,2205,1.0,scipy_gaussian,endpoint,0.5005979949547895
mixed_reduction:seed2205:ratio0.25,mixed_reduction:seed2205,mixed_reduction,97x81x65,25x41x49,2205,0.25,scipy_cubic,endpoint,0.23789552788049415
mixed_reduction:seed2205:ratio0.65,mixed_reduction:seed2205,mixed_reduction,97x81x65,25x41x49,2205,0.65,scipy_cubic,endpoint,0.6185149594373367
mixed_reduction:seed2205:ratio1.00,mixed_reduction:seed2205,mixed_reduction,97x81x65,25x41x49,2205,1.0,scipy_cubic,endpoint,0.9515596599683073
mixed_reduction:seed2205:ratio0.25,mixed_reduction:seed2205,mixed_reduction,97x81x65,25x41x49,2205,0.25,skimage_resize,half_pixel,0.1578262957988933
mixed_reduction:seed2205:ratio0.65,mixed_reduction:seed2205,mixed_reduction,97x81x65,25x41x49,2205,0.65,skimage_resize,half_pixel,0.3157791454898665
mixed_reduction:seed2205:ratio1.00,mixed_reduction:seed2205,mixed_reduction,97x81x65,25x41x49,2205,1.0,skimage_resize,half_pixel,0.4687536306855642
mixed_reduction:seed2205:ratio0.25,mixed_reduction:seed2205,mixed_reduction,97x81x65,25x41x49,2205,0.25,torch_trilinear,endpoint,0.2314258595254205
mixed_reduction:seed2205:ratio0.65,mixed_reduction:seed2205,mixed_reduction,97x81x65,25x41x49,2205,0.65,torch_trilinear,endpoint,0.5897177219634437
mixed_reduction:seed2205:ratio1.00,mixed_reduction:seed2205,mixed_reduction,97x81x65,25x41x49,2205,1.0,torch_trilinear,endpoint,0.905387999438451
mixed_reduction:seed2205:ratio0.25,mixed_reduction:seed2205,mixed_reduction,97x81x65,25x41x49,2205,0.25,torch_area,half_pixel,0.29199657318832184
mixed_reduction:seed2205:ratio0.65,mixed_reduction:seed2205,mixed_reduction,97x81x65,25x41x49,2205,0.65,torch_area,half_pixel,0.30191049581967855
mixed_reduction:seed2205:ratio1.00,mixed_reduction:seed2205,mixed_reduction,97x81x65,25x41x49,2205,1.0,torch_area,half_pixel,0.3170604183681768
mixed_reduction:seed2205:ratio0.25,mixed_reduction:seed2205,mixed_reduction,97x81x65,25x41x49,2205,0.25,scipy_polyphase,endpoint,0.0020531815537601626
mixed_reduction:seed2205:ratio0.65,mixed_reduction:seed2205,mixed_reduction,97x81x65,25x41x49,2205,0.65,scipy_polyphase,endpoint,0.0021294061804967295
mixed_reduction:seed2205:ratio1.00,mixed_reduction:seed2205,mixed_reduction,97x81x65,25x41x49,2205,1.0,scipy_polyphase,endpoint,0.002246434072970038
mixed_reduction:seed2206:ratio0.25,mixed_reduction:seed2206,mixed_reduction,97x81x65,25x41x49,2206,0.25,splineops_projection,endpoint,0.05786853960570046
mixed_reduction:seed2206:ratio0.65,mixed_reduction:seed2206,mixed_reduction,97x81x65,25x41x49,2206,0.65,splineops_projection,endpoint,0.14585925364489602
mixed_reduction:seed2206:ratio1.00,mixed_reduction:seed2206,mixed_reduction,97x81x65,25x41x49,2206,1.0,splineops_projection,endpoint,0.22367862667495741
mixed_reduction:seed2206:ratio0.25,mixed_reduction:seed2206,mixed_reduction,97x81x65,25x41x49,2206,0.25,splineops_interpolation,endpoint,0.21154361275014144
mixed_reduction:seed2206:ratio0.65,mixed_reduction:seed2206,mixed_reduction,97x81x65,25x41x49,2206,0.65,splineops_interpolation,endpoint,0.5499518715473701
mixed_reduction:seed2206:ratio1.00,mixed_reduction:seed2206,mixed_reduction,97x81x65,25x41x49,2206,1.0,splineops_interpolation,endpoint,0.8460703416989563
mixed_reduction:seed2206:ratio0.25,mixed_reduction:seed2206,mixed_reduction,97x81x65,25x41x49,2206,0.25,scipy_gaussian,endpoint,0.20080537104899707
mixed_reduction:seed2206:ratio0.65,mixed_reduction:seed2206,mixed_reduction,97x81x65,25x41x49,2206,0.65,scipy_gaussian,endpoint,0.4451714498333346
mixed_reduction:seed2206:ratio1.00,mixed_reduction:seed2206,mixed_reduction,97x81x65,25x41x49,2206,1.0,scipy_gaussian,endpoint,0.6717098105722005
mixed_reduction:seed2206:ratio0.25,mixed_reduction:seed2206,mixed_reduction,97x81x65,25x41x49,2206,0.25,scipy_cubic,endpoint,0.21093424163197722
mixed_reduction:seed2206:ratio0.65,mixed_reduction:seed2206,mixed_reduction,97x81x65,25x41x49,2206,0.65,scipy_cubic,endpoint,0.5483786375794414
mixed_reduction:seed2206:ratio1.00,mixed_reduction:seed2206,mixed_reduction,97x81x65,25x41x49,2206,1.0,scipy_cubic,endpoint,0.8436630136105671
mixed_reduction:seed2206:ratio0.25,mixed_reduction:seed2206,mixed_reduction,97x81x65,25x41x49,2206,0.25,skimage_resize,half_pixel,0.19088241956542282
mixed_reduction:seed2206:ratio0.65,mixed_reduction:seed2206,mixed_reduction,97x81x65,25x41x49,2206,0.65,skimage_resize,half_pixel,0.41967071246839643
mixed_reduction:seed2206:ratio1.00,mixed_reduction:seed2206,mixed_reduction,97x81x65,25x41x49,2206,1.0,skimage_resize,half_pixel,0.6325343001458957
mixed_reduction:seed2206:ratio0.25,mixed_reduction:seed2206,mixed_reduction,97x81x65,25x41x49,2206,0.25,torch_trilinear,endpoint,0.21962565800566833
mixed_reduction:seed2206:ratio0.65,mixed_reduction:seed2206,mixed_reduction,97x81x65,25x41x49,2206,0.65,torch_trilinear,endpoint,0.5244487638955124
mixed_reduction:seed2206:ratio1.00,mixed_reduction:seed2206,mixed_reduction,97x81x65,25x41x49,2206,1.0,torch_trilinear,endpoint,0.7993053040644562
mixed_reduction:seed2206:ratio0.25,mixed_reduction:seed2206,mixed_reduction,97x81x65,25x41x49,2206,0.25,torch_area,half_pixel,0.39038393030578566
mixed_reduction:seed2206:ratio0.65,mixed_reduction:seed2206,mixed_reduction,97x81x65,25x41x49,2206,0.65,torch_area,half_pixel,0.405165622241235
mixed_reduction:seed2206:ratio1.00,mixed_reduction:seed2206,mixed_reduction,97x81x65,25x41x49,2206,1.0,torch_area,half_pixel,0.4277554114537267
mixed_reduction:seed2206:ratio0.25,mixed_reduction:seed2206,mixed_reduction,97x81x65,25x41x49,2206,0.25,scipy_polyphase,endpoint,0.002936902076021829
mixed_reduction:seed2206:ratio0.65,mixed_reduction:seed2206,mixed_reduction,97x81x65,25x41x49,2206,0.65,scipy_polyphase,endpoint,0.0030403471062861597
mixed_reduction:seed2206:ratio1.00,mixed_reduction:seed2206,mixed_reduction,97x81x65,25x41x49,2206,1.0,scipy_polyphase,endpoint,0.0031995844762481686
mixed_reduction:seed2207:ratio0.25,mixed_reduction:seed2207,mixed_reduction,97x81x65,25x41x49,2207,0.25,splineops_projection,endpoint,0.08857603621536699
mixed_reduction:seed2207:ratio0.65,mixed_reduction:seed2207,mixed_reduction,97x81x65,25x41x49,2207,0.65,splineops_projection,endpoint,0.22199052001382732
mixed_reduction:seed2207:ratio1.00,mixed_reduction:seed2207,mixed_reduction,97x81x65,25x41x49,2207,1.0,splineops_projection,endpoint,0.34021614742126316
mixed_reduction:seed2207:ratio0.25,mixed_reduction:seed2207,mixed_reduction,97x81x65,25x41x49,2207,0.25,splineops_interpolation,endpoint,0.19668151228731168
mixed_reduction:seed2207:ratio0.65,mixed_reduction:seed2207,mixed_reduction,97x81x65,25x41x49,2207,0.65,splineops_interpolation,endpoint,0.5113252462394924
mixed_reduction:seed2207:ratio1.00,mixed_reduction:seed2207,mixed_reduction,97x81x65,25x41x49,2207,1.0,splineops_interpolation,endpoint,0.7866470556607261
mixed_reduction:seed2207:ratio0.25,mixed_reduction:seed2207,mixed_reduction,97x81x65,25x41x49,2207,0.25,scipy_gaussian,endpoint,0.22529776442422228
mixed_reduction:seed2207:ratio0.65,mixed_reduction:seed2207,mixed_reduction,97x81x65,25x41x49,2207,0.65,scipy_gaussian,endpoint,0.44263750741850966
mixed_reduction:seed2207:ratio1.00,mixed_reduction:seed2207,mixed_reduction,97x81x65,25x41x49,2207,1.0,scipy_gaussian,endpoint,0.6548302748144509
mixed_reduction:seed2207:ratio0.25,mixed_reduction:seed2207,mixed_reduction,97x81x65,25x41x49,2207,0.25,scipy_cubic,endpoint,0.19563579211831283
mixed_reduction:seed2207:ratio0.65,mixed_reduction:seed2207,mixed_reduction,97x81x65,25x41x49,2207,0.65,scipy_cubic,endpoint,0.5085640937741354
mixed_reduction:seed2207:ratio1.00,mixed_reduction:seed2207,mixed_reduction,97x81x65,25x41x49,2207,1.0,scipy_cubic,endpoint,0.7823926046206885
mixed_reduction:seed2207:ratio0.25,mixed_reduction:seed2207,mixed_reduction,97x81x65,25x41x49,2207,0.25,skimage_resize,half_pixel,0.22068617656748604
mixed_reduction:seed2207:ratio0.65,mixed_reduction:seed2207,mixed_reduction,97x81x65,25x41x49,2207,0.65,skimage_resize,half_pixel,0.43447432550575854
mixed_reduction:seed2207:ratio1.00,mixed_reduction:seed2207,mixed_reduction,97x81x65,25x41x49,2207,1.0,skimage_resize,half_pixel,0.6430056233101938
mixed_reduction:seed2207:ratio0.25,mixed_reduction:seed2207,mixed_reduction,97x81x65,25x41x49,2207,0.25,torch_trilinear,endpoint,0.19580862670262178
mixed_reduction:seed2207:ratio0.65,mixed_reduction:seed2207,mixed_reduction,97x81x65,25x41x49,2207,0.65,torch_trilinear,endpoint,0.4648886711881938
mixed_reduction:seed2207:ratio1.00,mixed_reduction:seed2207,mixed_reduction,97x81x65,25x41x49,2207,1.0,torch_trilinear,endpoint,0.7080332156583319
mixed_reduction:seed2207:ratio0.25,mixed_reduction:seed2207,mixed_reduction,97x81x65,25x41x49,2207,0.25,torch_area,half_pixel,0.42137397202012383
mixed_reduction:seed2207:ratio0.65,mixed_reduction:seed2207,mixed_reduction,97x81x65,25x41x49,2207,0.65,torch_area,half_pixel,0.433146953436606
mixed_reduction:seed2207:ratio1.00,mixed_reduction:seed2207,mixed_reduction,97x81x65,25x41x49,2207,1.0,torch_area,half_pixel,0.45139260777700535
mixed_reduction:seed2207:ratio0.25,mixed_reduction:seed2207,mixed_reduction,97x81x65,25x41x49,2207,0.25,scipy_polyphase,endpoint,0.0029007392921773546
mixed_reduction:seed2207:ratio0.65,mixed_reduction:seed2207,mixed_reduction,97x81x65,25x41x49,2207,0.65,scipy_polyphase,endpoint,0.00294468769460841
mixed_reduction:seed2207:ratio1.00,mixed_reduction:seed2207,mixed_reduction,97x81x65,25x41x49,2207,1.0,scipy_polyphase,endpoint,0.0030138493698996668
