split,embryo,timepoint,method,threshold,dice,runtime_ms,source_shape,output_shape
external_test,Emb1,001,splineops_projection,0.135,0.882548937942524,21.961097001621965,51x114x112,51x57x56
external_test,Emb1,001,splineops_interpolation,0.155,0.8804627249357326,2.7325649971317034,51x114x112,51x57x56
external_test,Emb1,001,scipy_gaussian,0.14,0.8824389225307997,134.17727900014143,51x114x112,51x57x56
external_test,Emb1,001,skimage_resize,0.135,0.904082828677476,147.0505260003847,51x114x112,51x57x56
external_test,Emb1,051,splineops_projection,0.135,0.8467556373676944,4.247749999194639,51x114x112,51x57x56
external_test,Emb1,051,splineops_interpolation,0.155,0.8259109311740891,2.8628530017158482,51x114x112,51x57x56
external_test,Emb1,051,scipy_gaussian,0.14,0.8392609699769054,116.47495699799038,51x114x112,51x57x56
external_test,Emb1,051,skimage_resize,0.135,0.8547045951859956,92.86751399849891,51x114x112,51x57x56
external_test,Emb1,101,splineops_projection,0.135,0.879585326953748,3.968777000409318,51x114x112,51x57x56
external_test,Emb1,101,splineops_interpolation,0.155,0.8637955903564806,2.9307279983186163,51x114x112,51x57x56
external_test,Emb1,101,scipy_gaussian,0.14,0.8714658111088831,124.91833700187271,51x114x112,51x57x56
external_test,Emb1,101,skimage_resize,0.135,0.8878048780487805,155.16674199898262,51x114x112,51x57x56
external_test,Emb1,151,splineops_projection,0.135,0.8658796206696342,4.194574001303408,51x114x112,51x57x56
external_test,Emb1,151,splineops_interpolation,0.155,0.8507255018882925,2.961728001537267,51x114x112,51x57x56
external_test,Emb1,151,scipy_gaussian,0.14,0.8579755197202253,145.3076649995637,51x114x112,51x57x56
external_test,Emb1,151,skimage_resize,0.135,0.8883412322274882,104.05354599788552,51x114x112,51x57x56
external_test,Emb1,201,splineops_projection,0.135,0.8315217391304348,4.718152998975711,51x114x112,51x57x56
external_test,Emb1,201,splineops_interpolation,0.155,0.8024459078080903,3.101373997196788,51x114x112,51x57x56
external_test,Emb1,201,scipy_gaussian,0.14,0.8201634877384196,141.6848619992379,51x114x112,51x57x56
external_test,Emb1,201,skimage_resize,0.135,0.8439731659813893,92.62167799897725,51x114x112,51x57x56
external_test,Emb1,251,splineops_projection,0.135,0.8872340425531915,3.0823960005363915,51x114x112,51x57x56
external_test,Emb1,251,splineops_interpolation,0.155,0.866,1.8374999999650754,51x114x112,51x57x56
external_test,Emb1,251,scipy_gaussian,0.14,0.8827823100042936,84.39369600091595,51x114x112,51x57x56
external_test,Emb1,251,skimage_resize,0.135,0.9034390168336259,87.03806099947542,51x114x112,51x57x56
external_test,Emb1,301,splineops_projection,0.135,0.8764237389740516,2.568616000644397,51x114x112,51x57x56
external_test,Emb1,301,splineops_interpolation,0.155,0.8532307141578664,1.8145569993066601,51x114x112,51x57x56
external_test,Emb1,301,scipy_gaussian,0.14,0.8712238909028137,86.44113899936201,51x114x112,51x57x56
external_test,Emb1,301,skimage_resize,0.135,0.9065738207742684,86.83130399731454,51x114x112,51x57x56
external_test,Emb1,351,splineops_projection,0.135,0.8297304755772238,3.7748409995401744,51x114x112,51x57x56
external_test,Emb1,351,splineops_interpolation,0.155,0.7948421862971516,3.060188999370439,51x114x112,51x57x56
external_test,Emb1,351,scipy_gaussian,0.14,0.8232678769914783,128.37261599997873,51x114x112,51x57x56
external_test,Emb1,351,skimage_resize,0.135,0.8534345753134381,89.82218399978592,51x114x112,51x57x56
external_test,Emb1,401,splineops_projection,0.135,0.8594766585933419,4.017059000034351,51x114x112,51x57x56
external_test,Emb1,401,splineops_interpolation,0.155,0.8571856586437631,2.7551620005397126,51x114x112,51x57x56
external_test,Emb1,401,scipy_gaussian,0.14,0.8638894221539642,153.39695200236747,51x114x112,51x57x56
external_test,Emb1,401,skimage_resize,0.135,0.8798966455959027,100.62711899809074,51x114x112,51x57x56
external_test,Emb1,451,splineops_projection,0.135,0.8266666666666667,4.140446999372216,51x114x112,51x57x56
external_test,Emb1,451,splineops_interpolation,0.155,0.7995894554883319,2.740879001066787,51x114x112,51x57x56
external_test,Emb1,451,scipy_gaussian,0.14,0.8275720164609054,91.07194399985019,51x114x112,51x57x56
external_test,Emb1,451,skimage_resize,0.135,0.8537545517173507,97.57573599927127,51x114x112,51x57x56
external_test,Emb1,501,splineops_projection,0.135,0.8332909999153332,3.901058000337798,51x114x112,51x57x56
external_test,Emb1,501,splineops_interpolation,0.155,0.8015793773259507,1.7574189987499267,51x114x112,51x57x56
external_test,Emb1,501,scipy_gaussian,0.14,0.8364858460080141,161.11876699869754,51x114x112,51x57x56
external_test,Emb1,501,skimage_resize,0.135,0.8602097672894133,134.93357799961814,51x114x112,51x57x56
external_test,Emb2,001,splineops_projection,0.135,0.8872464223934581,3.3710889983922243,51x116x113,51x58x57
external_test,Emb2,001,splineops_interpolation,0.155,0.8713611969425923,2.2601720011152793,51x116x113,51x58x57
external_test,Emb2,001,scipy_gaussian,0.14,0.8849809885931559,94.16485400288366,51x116x113,51x58x57
external_test,Emb2,001,skimage_resize,0.135,0.8943314849044979,91.5376569973887,51x116x113,51x58x57
external_test,Emb2,051,splineops_projection,0.135,0.8467981626587409,4.238317000272218,51x116x113,51x58x57
external_test,Emb2,051,splineops_interpolation,0.155,0.8287538162642243,3.045657002076041,51x116x113,51x58x57
external_test,Emb2,051,scipy_gaussian,0.14,0.8416191252377071,148.9803820004454,51x116x113,51x58x57
external_test,Emb2,051,skimage_resize,0.135,0.8477499326327136,129.73663699813187,51x116x113,51x58x57
external_test,Emb2,101,splineops_projection,0.135,0.8799580639524724,3.3072910009650514,51x116x113,51x58x57
external_test,Emb2,101,splineops_interpolation,0.155,0.863849765258216,3.17771099798847,51x116x113,51x58x57
external_test,Emb2,101,scipy_gaussian,0.14,0.875043875043875,156.01545900062774,51x116x113,51x58x57
external_test,Emb2,101,skimage_resize,0.135,0.8794496990541703,109.64139200223144,51x116x113,51x58x57
external_test,Emb2,151,splineops_projection,0.135,0.8815533980582524,4.1160580003634095,51x116x113,51x58x57
external_test,Emb2,151,splineops_interpolation,0.155,0.8629679144385026,3.0186490002961364,51x116x113,51x58x57
external_test,Emb2,151,scipy_gaussian,0.14,0.8769130576359492,119.11275199963711,51x116x113,51x58x57
external_test,Emb2,151,skimage_resize,0.135,0.8788750399488654,103.62128500128165,51x116x113,51x58x57
external_test,Emb2,201,splineops_projection,0.135,0.895086636600997,3.6680610028270166,51x116x113,51x58x57
external_test,Emb2,201,splineops_interpolation,0.155,0.8667653589933383,2.1303399989847094,51x116x113,51x58x57
external_test,Emb2,201,scipy_gaussian,0.14,0.8834870075440067,149.33411499805516,51x116x113,51x58x57
external_test,Emb2,201,skimage_resize,0.135,0.8922969675845243,109.61047599994345,51x116x113,51x58x57
external_test,Emb2,251,splineops_projection,0.135,0.8383453709783323,2.9040629997325595,51x116x113,51x58x57
external_test,Emb2,251,splineops_interpolation,0.155,0.799342555814272,2.5371019983140286,51x116x113,51x58x57
external_test,Emb2,251,scipy_gaussian,0.14,0.8282801535813584,97.33367599983467,51x116x113,51x58x57
external_test,Emb2,251,skimage_resize,0.135,0.8457877813504823,90.58545200241497,51x116x113,51x58x57
external_test,Emb2,301,splineops_projection,0.135,0.8996892677874273,4.2397590004839,51x116x113,51x58x57
external_test,Emb2,301,splineops_interpolation,0.155,0.8772772441205697,2.8998220004723407,51x116x113,51x58x57
external_test,Emb2,301,scipy_gaussian,0.14,0.8930262418746489,85.15235700178891,51x116x113,51x58x57
external_test,Emb2,301,skimage_resize,0.135,0.8982851773549448,90.49697400041623,51x116x113,51x58x57
external_test,Emb2,351,splineops_projection,0.135,0.8831844029244517,4.22003399944515,51x116x113,51x58x57
external_test,Emb2,351,splineops_interpolation,0.155,0.8737008585630366,2.8590059991984162,51x116x113,51x58x57
external_test,Emb2,351,scipy_gaussian,0.14,0.88379705400982,97.36287700070534,51x116x113,51x58x57
external_test,Emb2,351,skimage_resize,0.135,0.8755623776001694,90.39644500080612,51x116x113,51x58x57
external_test,Emb2,401,splineops_projection,0.135,0.8582920488546623,4.229936999763595,51x116x113,51x58x57
external_test,Emb2,401,splineops_interpolation,0.155,0.837551867219917,2.150170003005769,51x116x113,51x58x57
external_test,Emb2,401,scipy_gaussian,0.14,0.8602641771774754,153.82043099816656,51x116x113,51x58x57
external_test,Emb2,401,skimage_resize,0.135,0.8622409823484267,102.32332300074631,51x116x113,51x58x57
external_test,Emb2,451,splineops_projection,0.135,0.841354320009059,3.73767999917618,51x116x113,51x58x57
external_test,Emb2,451,splineops_interpolation,0.155,0.8258615188257817,2.6628949999576434,51x116x113,51x58x57
external_test,Emb2,451,scipy_gaussian,0.14,0.8457650482462858,147.9807420000725,51x116x113,51x58x57
external_test,Emb2,451,skimage_resize,0.135,0.8400445765230312,108.0097099984414,51x116x113,51x58x57
external_test,Emb2,501,splineops_projection,0.135,0.8196151563956938,2.638156001921743,51x116x113,51x58x57
external_test,Emb2,501,splineops_interpolation,0.155,0.7793021988006542,2.1454369998537004,51x116x113,51x58x57
external_test,Emb2,501,scipy_gaussian,0.14,0.8207612456747405,97.96807499878923,51x116x113,51x58x57
external_test,Emb2,501,skimage_resize,0.135,0.8209407564246274,91.03860699906363,51x116x113,51x58x57
external_test,Emb3,001,splineops_projection,0.135,0.8882915173237754,4.603536999638891,51x120x118,51x60x59
external_test,Emb3,001,splineops_interpolation,0.155,0.8799377916018662,3.0923080012144055,51x120x118,51x60x59
external_test,Emb3,001,scipy_gaussian,0.14,0.8945531785768472,119.54464800146525,51x120x118,51x60x59
external_test,Emb3,001,skimage_resize,0.135,0.8990613718411552,96.47724900059984,51x120x118,51x60x59
external_test,Emb3,051,splineops_projection,0.135,0.8566957299351665,4.3751450029958505,51x120x118,51x60x59
external_test,Emb3,051,splineops_interpolation,0.155,0.8443830570902394,3.0072770023252815,51x120x118,51x60x59
external_test,Emb3,051,scipy_gaussian,0.14,0.8511784511784511,131.51847799963434,51x120x118,51x60x59
external_test,Emb3,051,skimage_resize,0.135,0.874447391688771,96.95886300323764,51x120x118,51x60x59
external_test,Emb3,101,splineops_projection,0.135,0.8841616708567008,3.4824590002244804,51x120x118,51x60x59
external_test,Emb3,101,splineops_interpolation,0.155,0.8644542183126749,3.1518249998043757,51x120x118,51x60x59
external_test,Emb3,101,scipy_gaussian,0.14,0.8756798756798757,159.10025499761105,51x120x118,51x60x59
external_test,Emb3,101,skimage_resize,0.135,0.8968524838832006,100.83656000279007,51x120x118,51x60x59
external_test,Emb3,151,splineops_projection,0.135,0.8868976503385105,2.877967999665998,51x120x118,51x60x59
external_test,Emb3,151,splineops_interpolation,0.155,0.8673511293634497,1.8803629973263014,51x120x118,51x60x59
external_test,Emb3,151,scipy_gaussian,0.14,0.8815184815184816,96.64693600279861,51x120x118,51x60x59
external_test,Emb3,151,skimage_resize,0.135,0.8942515205022562,99.98253100275178,51x120x118,51x60x59
external_test,Emb3,201,splineops_projection,0.135,0.8852058618283322,2.723498997511342,51x120x118,51x60x59
external_test,Emb3,201,splineops_interpolation,0.155,0.8664389717778177,1.784403000783641,51x120x118,51x60x59
external_test,Emb3,201,scipy_gaussian,0.14,0.8794400699912511,87.96758699827478,51x120x118,51x60x59
external_test,Emb3,201,skimage_resize,0.135,0.9011177987962167,96.6282939989469,51x120x118,51x60x59
external_test,Emb3,251,splineops_projection,0.135,0.8522214627477785,2.7578699991863687,51x120x118,51x60x59
external_test,Emb3,251,splineops_interpolation,0.155,0.8272043163424677,1.9143819990858901,51x120x118,51x60x59
external_test,Emb3,251,scipy_gaussian,0.14,0.843801652892562,91.94921299786074,51x120x118,51x60x59
external_test,Emb3,251,skimage_resize,0.135,0.8712350388004735,99.28206000040518,51x120x118,51x60x59
external_test,Emb3,301,splineops_projection,0.135,0.855659121171771,2.7687129986588843,51x120x118,51x60x59
external_test,Emb3,301,splineops_interpolation,0.155,0.8277398690990113,1.9600919986260124,51x120x118,51x60x59
external_test,Emb3,301,scipy_gaussian,0.14,0.8465480043149946,95.1352450028935,51x120x118,51x60x59
external_test,Emb3,301,skimage_resize,0.135,0.8710711994868505,96.4813629980199,51x120x118,51x60x59
external_test,Emb3,351,splineops_projection,0.135,0.8487184830172952,2.810180998494616,51x120x118,51x60x59
external_test,Emb3,351,splineops_interpolation,0.155,0.8200108754758021,1.9080729980487376,51x120x118,51x60x59
external_test,Emb3,351,scipy_gaussian,0.14,0.8397139251156921,97.8486480016727,51x120x118,51x60x59
external_test,Emb3,351,skimage_resize,0.135,0.8690728945506015,96.27722399818595,51x120x118,51x60x59
external_test,Emb3,401,splineops_projection,0.135,0.863823480981393,4.092151997610927,51x120x118,51x60x59
external_test,Emb3,401,splineops_interpolation,0.155,0.848068669527897,3.436407001572661,51x120x118,51x60x59
external_test,Emb3,401,scipy_gaussian,0.14,0.8614592844691624,147.89871999892057,51x120x118,51x60x59
external_test,Emb3,401,skimage_resize,0.135,0.8916181513677327,99.81077600241406,51x120x118,51x60x59
external_test,Emb3,451,splineops_projection,0.135,0.8545021217229553,4.306964998249896,51x120x118,51x60x59
external_test,Emb3,451,splineops_interpolation,0.155,0.8399682015532318,3.3663450012682006,51x120x118,51x60x59
external_test,Emb3,451,scipy_gaussian,0.14,0.8585578680502329,158.628523000516,51x120x118,51x60x59
external_test,Emb3,451,skimage_resize,0.135,0.883127153589787,101.03701000116416,51x120x118,51x60x59
external_test,Emb3,501,splineops_projection,0.135,0.8136318266077285,4.429622000316158,51x120x118,51x60x59
external_test,Emb3,501,splineops_interpolation,0.155,0.805470050966342,2.3135060000640806,51x120x118,51x60x59
external_test,Emb3,501,scipy_gaussian,0.14,0.8246463863592327,112.19310600063181,51x120x118,51x60x59
external_test,Emb3,501,skimage_resize,0.135,0.8466167485874408,96.69726400170475,51x120x118,51x60x59
external_test,Emb4,001,splineops_projection,0.135,0.9008053427617364,3.331986998091452,51x111x116,51x56x58
external_test,Emb4,001,splineops_interpolation,0.155,0.8859114900527811,1.7725319994497113,51x111x116,51x56x58
external_test,Emb4,001,scipy_gaussian,0.14,0.8963342530547891,79.40720899932785,51x111x116,51x56x58
external_test,Emb4,001,skimage_resize,0.135,0.9144152654449272,89.29834800073877,51x111x116,51x56x58
external_test,Emb4,051,splineops_projection,0.135,0.6434782608695652,3.6214690007909667,51x111x116,51x56x58
external_test,Emb4,051,splineops_interpolation,0.155,0.6111467008327995,2.909733000706183,51x111x116,51x56x58
external_test,Emb4,051,scipy_gaussian,0.14,0.6437635406994738,140.8414370016544,51x111x116,51x56x58
external_test,Emb4,051,skimage_resize,0.135,0.6542165159031222,93.16288700210862,51x111x116,51x56x58
external_test,Emb4,101,splineops_projection,0.135,0.8796837401168787,2.5034789978235494,51x111x116,51x56x58
external_test,Emb4,101,splineops_interpolation,0.155,0.8588172615876398,2.7931820004596375,51x111x116,51x56x58
external_test,Emb4,101,scipy_gaussian,0.14,0.8715993761913013,86.60304800287122,51x111x116,51x56x58
external_test,Emb4,101,skimage_resize,0.135,0.8840125391849529,89.0810179989785,51x111x116,51x56x58
external_test,Emb4,151,splineops_projection,0.135,0.8806993486458691,3.2068539985630196,51x111x116,51x56x58
external_test,Emb4,151,splineops_interpolation,0.155,0.851094111368084,1.7859079998743255,51x111x116,51x56x58
external_test,Emb4,151,scipy_gaussian,0.14,0.8711295623594534,80.2099550019193,51x111x116,51x56x58
external_test,Emb4,151,skimage_resize,0.135,0.8789178488947542,88.63975100030075,51x111x116,51x56x58
external_test,Emb4,201,splineops_projection,0.135,0.8612030367919019,2.6198150007985532,51x111x116,51x56x58
external_test,Emb4,201,splineops_interpolation,0.155,0.8334680679062247,1.759305003361078,51x111x116,51x56x58
external_test,Emb4,201,scipy_gaussian,0.14,0.8561348490787927,77.1448590021464,51x111x116,51x56x58
external_test,Emb4,201,skimage_resize,0.135,0.8700861100711345,98.24345299784909,51x111x116,51x56x58
external_test,Emb4,251,splineops_projection,0.135,0.8357856016815555,3.7352460021793377,51x111x116,51x56x58
external_test,Emb4,251,splineops_interpolation,0.155,0.795417348608838,2.8596529991773423,51x111x116,51x56x58
external_test,Emb4,251,scipy_gaussian,0.14,0.823980942297512,135.06049500210793,51x111x116,51x56x58
external_test,Emb4,251,skimage_resize,0.135,0.8470649485877912,91.32059800322168,51x111x116,51x56x58
external_test,Emb4,301,splineops_projection,0.135,0.8687870619946092,2.553291000367608,51x111x116,51x56x58
external_test,Emb4,301,splineops_interpolation,0.155,0.8375209380234506,1.7708350023895036,51x111x116,51x56x58
external_test,Emb4,301,scipy_gaussian,0.14,0.859963119644213,79.14001499739243,51x111x116,51x56x58
external_test,Emb4,301,skimage_resize,0.135,0.8769808173477899,88.5570380014542,51x111x116,51x56x58
external_test,Emb4,351,splineops_projection,0.135,0.8918626237623762,4.162944002018776,51x111x116,51x56x58
external_test,Emb4,351,splineops_interpolation,0.155,0.871712378347945,2.873617999284761,51x111x116,51x56x58
external_test,Emb4,351,scipy_gaussian,0.14,0.8869362363919129,119.47200199938379,51x111x116,51x56x58
external_test,Emb4,351,skimage_resize,0.135,0.8984380838502354,90.7213110003795,51x111x116,51x56x58
external_test,Emb4,401,splineops_projection,0.135,0.8859881705078524,4.17833800020162,51x111x116,51x56x58
external_test,Emb4,401,splineops_interpolation,0.155,0.8647635370360452,2.838046999386279,51x111x116,51x56x58
external_test,Emb4,401,scipy_gaussian,0.14,0.8821954484605087,156.83055399858858,51x111x116,51x56x58
external_test,Emb4,401,skimage_resize,0.135,0.893010698930107,121.79125100010424,51x111x116,51x56x58
external_test,Emb4,451,splineops_projection,0.135,0.8661496965610249,4.113144997972995,51x111x116,51x56x58
external_test,Emb4,451,splineops_interpolation,0.155,0.8356698168137233,2.8363100027490873,51x111x116,51x56x58
external_test,Emb4,451,scipy_gaussian,0.14,0.8644597661770373,93.46745500079123,51x111x116,51x56x58
external_test,Emb4,451,skimage_resize,0.135,0.8777426861702128,94.99727300135419,51x111x116,51x56x58
external_test,Emb4,501,splineops_projection,0.135,0.8332045389840159,4.145869999774732,51x111x116,51x56x58
external_test,Emb4,501,splineops_interpolation,0.155,0.7853206193683843,2.7646939997794107,51x111x116,51x56x58
external_test,Emb4,501,scipy_gaussian,0.14,0.8275060210945935,95.19295999780297,51x111x116,51x56x58
external_test,Emb4,501,skimage_resize,0.135,0.8441527446300716,93.04718999919714,51x111x116,51x56x58
cross_validation,Emb01,001,splineops_projection,0.135,0.8922481982773774,4.047283000545576,51x124x127,51x62x64
cross_validation,Emb01,001,splineops_interpolation,0.155,0.8227517829187685,3.7553879992628936,51x124x127,51x62x64
cross_validation,Emb01,001,scipy_gaussian,0.135,0.884272997032641,210.37962699847412,51x124x127,51x62x64
cross_validation,Emb01,001,skimage_resize,0.135,0.8815834767641997,118.29600900091464,51x124x127,51x62x64
cross_validation,Emb01,051,splineops_projection,0.135,0.8808369482010717,3.17751600232441,51x124x127,51x62x64
cross_validation,Emb01,051,splineops_interpolation,0.155,0.8546511627906976,2.121956000337377,51x124x127,51x62x64
cross_validation,Emb01,051,scipy_gaussian,0.135,0.8771661569826708,109.18163300084416,51x124x127,51x62x64
cross_validation,Emb01,051,skimage_resize,0.135,0.8883838383838384,108.14389400184155,51x124x127,51x62x64
cross_validation,Emb01,101,splineops_projection,0.135,0.9029416945569844,3.0985280027380213,51x124x127,51x62x64
cross_validation,Emb01,101,splineops_interpolation,0.155,0.8914306463326072,2.38258000172209,51x124x127,51x62x64
cross_validation,Emb01,101,scipy_gaussian,0.135,0.9007017543859649,102.86151700347546,51x124x127,51x62x64
cross_validation,Emb01,101,skimage_resize,0.135,0.90333736814802,108.23132500081556,51x124x127,51x62x64
cross_validation,Emb01,151,splineops_projection,0.135,0.9047367494277162,2.855440998246195,51x124x127,51x62x64
cross_validation,Emb01,151,splineops_interpolation,0.155,0.8882021450645338,2.229023000836605,51x124x127,51x62x64
cross_validation,Emb01,151,scipy_gaussian,0.135,0.9003844809507165,113.7292340026761,51x124x127,51x62x64
cross_validation,Emb01,151,skimage_resize,0.135,0.9060564349621473,110.74432100213016,51x124x127,51x62x64
cross_validation,Emb01,201,splineops_projection,0.135,0.8853316915499462,3.3711299984133802,51x124x127,51x62x64
cross_validation,Emb01,201,splineops_interpolation,0.155,0.8562769181687669,2.672521997737931,51x124x127,51x62x64
cross_validation,Emb01,201,scipy_gaussian,0.135,0.882298709280885,135.14152100106003,51x124x127,51x62x64
cross_validation,Emb01,201,skimage_resize,0.135,0.8856411029079403,121.91268999958993,51x124x127,51x62x64
cross_validation,Emb01,301,splineops_projection,0.135,0.901311475409836,4.236680000758497,51x124x127,51x62x64
cross_validation,Emb01,301,splineops_interpolation,0.155,0.8674271229404309,2.502916999219451,51x124x127,51x62x64
cross_validation,Emb01,301,scipy_gaussian,0.135,0.8991678903573177,172.33713200039347,51x124x127,51x62x64
cross_validation,Emb01,301,skimage_resize,0.135,0.8999676793794441,117.66737200014177,51x124x127,51x62x64
cross_validation,Emb01,351,splineops_projection,0.135,0.8763055383051995,5.001240999263246,51x124x127,51x62x64
cross_validation,Emb01,351,splineops_interpolation,0.155,0.823304569409857,3.628937000030419,51x124x127,51x62x64
cross_validation,Emb01,351,scipy_gaussian,0.135,0.8737113402061856,158.2757460018911,51x124x127,51x62x64
cross_validation,Emb01,351,skimage_resize,0.135,0.8777432941698071,186.0600100008014,51x124x127,51x62x64
cross_validation,Emb01,401,splineops_projection,0.135,0.8427848674771578,5.245414002274629,51x124x127,51x62x64
cross_validation,Emb01,401,splineops_interpolation,0.155,0.7702080718171098,3.8238720007939264,51x124x127,51x62x64
cross_validation,Emb01,401,scipy_gaussian,0.135,0.8358142137660884,176.11764300090726,51x124x127,51x62x64
cross_validation,Emb01,401,skimage_resize,0.135,0.8451994091580503,110.76064499866334,51x124x127,51x62x64
cross_validation,Emb01,451,splineops_projection,0.135,0.7777378580527158,4.919669001537841,51x124x127,51x62x64
cross_validation,Emb01,451,splineops_interpolation,0.155,0.6987668051421282,3.4489019999455195,51x124x127,51x62x64
cross_validation,Emb01,451,scipy_gaussian,0.135,0.7687199819488766,117.91524200089043,51x124x127,51x62x64
cross_validation,Emb01,451,skimage_resize,0.135,0.7820073676727203,108.53780799880042,51x124x127,51x62x64
cross_validation,Emb01,501,splineops_projection,0.135,0.7351480446169295,4.662339000788052,51x124x127,51x62x64
cross_validation,Emb01,501,splineops_interpolation,0.155,0.6561941181325484,2.1735350019298494,51x124x127,51x62x64
cross_validation,Emb01,501,scipy_gaussian,0.135,0.728935862013466,106.95877400212339,51x124x127,51x62x64
cross_validation,Emb01,501,skimage_resize,0.135,0.7384623621372738,108.78054800195969,51x124x127,51x62x64
cross_validation,Emb02,001,splineops_projection,0.14,0.8604274134119381,2.8052029992977623,51x120x122,51x60x61
cross_validation,Emb02,001,splineops_interpolation,0.155,0.8070430733410943,1.9488399993861094,51x120x122,51x60x61
cross_validation,Emb02,001,scipy_gaussian,0.14,0.8592809977989728,98.45453099842416,51x120x122,51x60x61
cross_validation,Emb02,001,skimage_resize,0.135,0.8497854077253219,100.14173499803292,51x120x122,51x60x61
cross_validation,Emb02,051,splineops_projection,0.14,0.8399787347155768,4.5488759969884995,51x120x122,51x60x61
cross_validation,Emb02,051,splineops_interpolation,0.155,0.8223684210526315,1.97741100055282,51x120x122,51x60x61
cross_validation,Emb02,051,scipy_gaussian,0.14,0.8409931325937665,115.70031600058428,51x120x122,51x60x61
cross_validation,Emb02,051,skimage_resize,0.135,0.8326530612244898,102.74531399772968,51x120x122,51x60x61
cross_validation,Emb02,101,splineops_projection,0.14,0.8608434686463434,4.098126002645586,51x120x122,51x60x61
cross_validation,Emb02,101,splineops_interpolation,0.155,0.8362166531932094,2.7105570006824564,51x120x122,51x60x61
cross_validation,Emb02,101,scipy_gaussian,0.14,0.8649244332493703,143.58123199781403,51x120x122,51x60x61
cross_validation,Emb02,101,skimage_resize,0.135,0.850858692377222,108.00917400047183,51x120x122,51x60x61
cross_validation,Emb02,151,splineops_projection,0.14,0.859896219421794,4.530409998551477,51x120x122,51x60x61
cross_validation,Emb02,151,splineops_interpolation,0.155,0.8392073816366662,2.940234000561759,51x120x122,51x60x61
cross_validation,Emb02,151,scipy_gaussian,0.14,0.8632263788259648,99.7480939986417,51x120x122,51x60x61
cross_validation,Emb02,151,skimage_resize,0.135,0.8521096746696974,100.03754900026252,51x120x122,51x60x61
cross_validation,Emb02,201,splineops_projection,0.14,0.8261299901022765,3.7241969985188916,51x120x122,51x60x61
cross_validation,Emb02,201,splineops_interpolation,0.155,0.8034447821681864,1.8762610015983228,51x120x122,51x60x61
cross_validation,Emb02,201,scipy_gaussian,0.14,0.8275975090134382,131.7265559991938,51x120x122,51x60x61
cross_validation,Emb02,201,skimage_resize,0.135,0.8221492257156264,100.01802400074666,51x120x122,51x60x61
cross_validation,Emb02,301,splineops_projection,0.14,0.8651150129304478,4.612862001522444,51x120x122,51x60x61
cross_validation,Emb02,301,splineops_interpolation,0.155,0.8335417535084063,3.178511000442086,51x120x122,51x60x61
cross_validation,Emb02,301,scipy_gaussian,0.14,0.8666439986399184,111.79042100047809,51x120x122,51x60x61
cross_validation,Emb02,301,skimage_resize,0.135,0.8539705213947146,99.75705499891774,51x120x122,51x60x61
cross_validation,Emb02,351,splineops_projection,0.14,0.8543024771838331,4.551664998871274,51x120x122,51x60x61
cross_validation,Emb02,351,splineops_interpolation,0.155,0.8115508258507926,3.0202079979062546,51x120x122,51x60x61
cross_validation,Emb02,351,scipy_gaussian,0.14,0.8585376437405077,138.62831900041783,51x120x122,51x60x61
cross_validation,Emb02,351,skimage_resize,0.135,0.8517264725795531,106.32936299953144,51x120x122,51x60x61
cross_validation,Emb02,401,splineops_projection,0.14,0.7636870211283956,4.650688999390695,51x120x122,51x60x61
cross_validation,Emb02,401,splineops_interpolation,0.155,0.7079729665863226,3.126798001176212,51x120x122,51x60x61
cross_validation,Emb02,401,scipy_gaussian,0.14,0.766971794990939,152.98345499832067,51x120x122,51x60x61
cross_validation,Emb02,401,skimage_resize,0.135,0.7664511557877955,102.55023999707191,51x120x122,51x60x61
cross_validation,Emb02,451,splineops_projection,0.14,0.7740079127202973,3.8380530022550374,51x120x122,51x60x61
cross_validation,Emb02,451,splineops_interpolation,0.155,0.6896578568370246,2.9794039983244147,51x120x122,51x60x61
cross_validation,Emb02,451,scipy_gaussian,0.14,0.7740759814602068,94.29696299775969,51x120x122,51x60x61
cross_validation,Emb02,451,skimage_resize,0.135,0.7812137611132586,99.85029399831546,51x120x122,51x60x61
cross_validation,Emb02,501,splineops_projection,0.14,0.7061583275333179,4.557272000965895,51x120x122,51x60x61
cross_validation,Emb02,501,splineops_interpolation,0.155,0.6097087378640776,2.8964410012122244,51x120x122,51x60x61
cross_validation,Emb02,501,scipy_gaussian,0.14,0.7009228724084158,101.38922500118497,51x120x122,51x60x61
cross_validation,Emb02,501,skimage_resize,0.135,0.7209893957331049,194.7948759989231,51x120x122,51x60x61
cross_validation,Emb03,001,splineops_projection,0.14,0.8161710233887184,4.955036998580908,51x120x122,51x60x61
cross_validation,Emb03,001,splineops_interpolation,0.16,0.7069438995684583,3.1635720006306656,51x120x122,51x60x61
cross_validation,Emb03,001,scipy_gaussian,0.14,0.809488821244883,155.61836199776735,51x120x122,51x60x61
cross_validation,Emb03,001,skimage_resize,0.135,0.8126016260162602,103.31109199978528,51x120x122,51x60x61
cross_validation,Emb03,051,splineops_projection,0.14,0.8471074380165289,3.0997380017652176,51x120x122,51x60x61
cross_validation,Emb03,051,splineops_interpolation,0.16,0.8172043010752689,3.076159002375789,51x120x122,51x60x61
cross_validation,Emb03,051,scipy_gaussian,0.14,0.8579501669663498,110.70614400159684,51x120x122,51x60x61
cross_validation,Emb03,051,skimage_resize,0.135,0.8386174016686532,99.52336000060313,51x120x122,51x60x61
cross_validation,Emb03,101,splineops_projection,0.14,0.8996655518394648,3.890697000315413,51x120x122,51x60x61
cross_validation,Emb03,101,splineops_interpolation,0.16,0.8820224719101124,2.782676001515938,51x120x122,51x60x61
cross_validation,Emb03,101,scipy_gaussian,0.14,0.900622060385374,142.85010700041312,51x120x122,51x60x61
cross_validation,Emb03,101,skimage_resize,0.135,0.9023186237845924,108.18107099839835,51x120x122,51x60x61
cross_validation,Emb03,151,splineops_projection,0.14,0.899143810767668,3.459523999481462,51x120x122,51x60x61
cross_validation,Emb03,151,splineops_interpolation,0.16,0.8773500447627574,1.8830369990610052,51x120x122,51x60x61
cross_validation,Emb03,151,scipy_gaussian,0.14,0.9049956684955242,175.36062100043637,51x120x122,51x60x61
cross_validation,Emb03,151,skimage_resize,0.135,0.8939436226625732,122.8578580012254,51x120x122,51x60x61
cross_validation,Emb03,201,splineops_projection,0.14,0.901864431276196,2.82668699946953,51x120x122,51x60x61
cross_validation,Emb03,201,splineops_interpolation,0.16,0.8831747919143876,1.8884450000768993,51x120x122,51x60x61
cross_validation,Emb03,201,scipy_gaussian,0.14,0.8991063707120207,104.18849899724592,51x120x122,51x60x61
cross_validation,Emb03,201,skimage_resize,0.135,0.8938139991583672,102.46675699818297,51x120x122,51x60x61
cross_validation,Emb03,301,splineops_projection,0.14,0.8870404600533991,3.7121519999345765,51x120x122,51x60x61
cross_validation,Emb03,301,splineops_interpolation,0.16,0.8532649353425243,1.9430859974818304,51x120x122,51x60x61
cross_validation,Emb03,301,scipy_gaussian,0.14,0.8879116383718552,99.59391899974435,51x120x122,51x60x61
cross_validation,Emb03,301,skimage_resize,0.135,0.8826469412235106,100.27845399963553,51x120x122,51x60x61
cross_validation,Emb03,351,splineops_projection,0.14,0.8933787362845251,2.7129920017614495,51x120x122,51x60x61
cross_validation,Emb03,351,splineops_interpolation,0.16,0.8639974828915283,1.9110689972876571,51x120x122,51x60x61
cross_validation,Emb03,351,scipy_gaussian,0.14,0.893000075511591,99.32402699996601,51x120x122,51x60x61
cross_validation,Emb03,351,skimage_resize,0.135,0.8872964169381108,99.86808800022118,51x120x122,51x60x61
cross_validation,Emb03,401,splineops_projection,0.14,0.8430041602802715,2.730281001277035,51x120x122,51x60x61
cross_validation,Emb03,401,splineops_interpolation,0.16,0.7980747192298877,1.865234000433702,51x120x122,51x60x61
cross_validation,Emb03,401,scipy_gaussian,0.14,0.8449781659388647,91.12793199892621,51x120x122,51x60x61
cross_validation,Emb03,401,skimage_resize,0.135,0.8414140002794467,99.87630500108935,51x120x122,51x60x61
cross_validation,Emb03,451,splineops_projection,0.14,0.7254002434229004,2.749928000412183,51x120x122,51x60x61
cross_validation,Emb03,451,splineops_interpolation,0.16,0.6541055136850457,1.9454739995126147,51x120x122,51x60x61
cross_validation,Emb03,451,scipy_gaussian,0.14,0.7206835038963477,91.37525600090157,51x120x122,51x60x61
cross_validation,Emb03,451,skimage_resize,0.135,0.7276633840644584,102.96579300120356,51x120x122,51x60x61
cross_validation,Emb03,501,splineops_projection,0.14,0.6703387496557422,3.424821999942651,51x120x122,51x60x61
cross_validation,Emb03,501,splineops_interpolation,0.16,0.5849149375553152,3.0966869999247137,51x120x122,51x60x61
cross_validation,Emb03,501,scipy_gaussian,0.14,0.6707765918292234,99.52157400039141,51x120x122,51x60x61
cross_validation,Emb03,501,skimage_resize,0.135,0.6775880097594981,100.21490900180652,51x120x122,51x60x61
cross_validation,Emb04,001,splineops_projection,0.135,0.8728458313926409,6.2184909984353,51x139x140,51x70x70
cross_validation,Emb04,001,splineops_interpolation,0.155,0.8143621084797555,4.040022999106441,51x139x140,51x70x70
cross_validation,Emb04,001,scipy_gaussian,0.135,0.8660206122135056,141.09860800090246,51x139x140,51x70x70
cross_validation,Emb04,001,skimage_resize,0.135,0.8672593039023655,136.004846997821,51x139x140,51x70x70
cross_validation,Emb04,051,splineops_projection,0.135,0.8932178932178932,4.430668002896709,51x139x140,51x70x70
cross_validation,Emb04,051,splineops_interpolation,0.155,0.8872236792806294,2.7251490027992986,51x139x140,51x70x70
cross_validation,Emb04,051,scipy_gaussian,0.135,0.8904795991410165,162.11372999896412,51x139x140,51x70x70
cross_validation,Emb04,051,skimage_resize,0.135,0.890282131661442,156.93302499857964,51x139x140,51x70x70
cross_validation,Emb04,101,splineops_projection,0.135,0.9091543156059285,6.5729150010156445,51x139x140,51x70x70
cross_validation,Emb04,101,splineops_interpolation,0.155,0.8995335486185863,4.340250998211559,51x139x140,51x70x70
cross_validation,Emb04,101,scipy_gaussian,0.135,0.9026334026334026,196.83638000060455,51x139x140,51x70x70
cross_validation,Emb04,101,skimage_resize,0.135,0.8998296422487223,134.82717399892863,51x139x140,51x70x70
cross_validation,Emb04,151,splineops_projection,0.135,0.9034804449228561,5.105029998958344,51x139x140,51x70x70
cross_validation,Emb04,151,splineops_interpolation,0.155,0.8946978123841305,2.532541002437938,51x139x140,51x70x70
cross_validation,Emb04,151,scipy_gaussian,0.135,0.9043198857550875,124.375601997599,51x139x140,51x70x70
cross_validation,Emb04,151,skimage_resize,0.135,0.9008597999649062,136.97699200201896,51x139x140,51x70x70
cross_validation,Emb04,201,splineops_projection,0.135,0.8953653682115439,3.7330470004235394,51x139x140,51x70x70
cross_validation,Emb04,201,splineops_interpolation,0.155,0.867690490253987,4.459403000510065,51x139x140,51x70x70
cross_validation,Emb04,201,scipy_gaussian,0.135,0.8937376027203173,183.2368539980962,51x139x140,51x70x70
cross_validation,Emb04,201,skimage_resize,0.135,0.8855133614627285,135.1343860005727,51x139x140,51x70x70
cross_validation,Emb04,301,splineops_projection,0.135,0.8945654896068119,4.503256001044065,51x139x140,51x70x70
cross_validation,Emb04,301,splineops_interpolation,0.155,0.8611785095320624,2.8143890012870543,51x139x140,51x70x70
cross_validation,Emb04,301,scipy_gaussian,0.135,0.8945617828039248,198.74694399914006,51x139x140,51x70x70
cross_validation,Emb04,301,skimage_resize,0.135,0.8823771503827476,138.95213899741066,51x139x140,51x70x70
cross_validation,Emb04,351,splineops_projection,0.135,0.8820924602940308,5.095622000226285,51x139x140,51x70x70
cross_validation,Emb04,351,splineops_interpolation,0.155,0.8401464307504576,3.987702999438625,51x139x140,51x70x70
cross_validation,Emb04,351,scipy_gaussian,0.135,0.8807242372582447,132.3081459995592,51x139x140,51x70x70
cross_validation,Emb04,351,skimage_resize,0.135,0.8745278084500494,134.74401399798808,51x139x140,51x70x70
cross_validation,Emb04,401,splineops_projection,0.135,0.8455814363083968,6.102314000600018,51x139x140,51x70x70
cross_validation,Emb04,401,splineops_interpolation,0.155,0.7882501351594882,4.122394002479268,51x139x140,51x70x70
cross_validation,Emb04,401,scipy_gaussian,0.135,0.843209229155742,149.8087840009248,51x139x140,51x70x70
cross_validation,Emb04,401,skimage_resize,0.135,0.8422685743837269,135.20495699776802,51x139x140,51x70x70
cross_validation,Emb04,451,splineops_projection,0.135,0.804923125319492,4.668681001930963,51x139x140,51x70x70
cross_validation,Emb04,451,splineops_interpolation,0.155,0.7267279264882142,4.090399001142941,51x139x140,51x70x70
cross_validation,Emb04,451,scipy_gaussian,0.135,0.7992201208812634,151.91267499903915,51x139x140,51x70x70
cross_validation,Emb04,451,skimage_resize,0.135,0.8014275185228287,135.03824600047665,51x139x140,51x70x70
cross_validation,Emb04,501,splineops_projection,0.135,0.7588326552117788,6.044871002814034,51x139x140,51x70x70
cross_validation,Emb04,501,splineops_interpolation,0.155,0.6478280907938703,2.4372809966735076,51x139x140,51x70x70
cross_validation,Emb04,501,scipy_gaussian,0.135,0.7439563594602354,132.3319180010003,51x139x140,51x70x70
cross_validation,Emb04,501,skimage_resize,0.135,0.755408041459225,138.9477890006674,51x139x140,51x70x70
cross_validation,Emb05,001,splineops_projection,0.135,0.8480684073904413,3.7826120023964904,51x133x120,51x67x60
cross_validation,Emb05,001,splineops_interpolation,0.155,0.6938557910169265,3.4575620011310093,51x133x120,51x67x60
cross_validation,Emb05,001,scipy_gaussian,0.14,0.8251308900523561,138.68813799854252,51x133x120,51x67x60
cross_validation,Emb05,001,skimage_resize,0.135,0.8405540819333923,140.55713799825753,51x133x120,51x67x60
cross_validation,Emb05,051,splineops_projection,0.135,0.8735380116959064,5.241034999926342,51x133x120,51x67x60
cross_validation,Emb05,051,splineops_interpolation,0.155,0.8436555891238671,3.5476100019877777,51x133x120,51x67x60
cross_validation,Emb05,051,scipy_gaussian,0.14,0.8671328671328671,171.2312320014462,51x133x120,51x67x60
cross_validation,Emb05,051,skimage_resize,0.135,0.8729523116126684,189.59696300225914,51x133x120,51x67x60
cross_validation,Emb05,101,splineops_projection,0.135,0.9090909090909091,5.265863997919951,51x133x120,51x67x60
cross_validation,Emb05,101,splineops_interpolation,0.155,0.8895910780669145,3.8368019995687064,51x133x120,51x67x60
cross_validation,Emb05,101,scipy_gaussian,0.14,0.9062784349408554,206.44290600102977,51x133x120,51x67x60
cross_validation,Emb05,101,skimage_resize,0.135,0.9063282087951376,117.21890999979223,51x133x120,51x67x60
cross_validation,Emb05,151,splineops_projection,0.135,0.8966516419832582,5.376719000196317,51x133x120,51x67x60
cross_validation,Emb05,151,splineops_interpolation,0.155,0.8744776867792078,3.502226998534752,51x133x120,51x67x60
cross_validation,Emb05,151,scipy_gaussian,0.14,0.8959378540216864,169.48914399836212,51x133x120,51x67x60
cross_validation,Emb05,151,skimage_resize,0.135,0.8925954793452845,110.58563999904436,51x133x120,51x67x60
cross_validation,Emb05,201,splineops_projection,0.135,0.874230190228548,5.159004002052825,51x133x120,51x67x60
cross_validation,Emb05,201,splineops_interpolation,0.155,0.8386549872845437,3.414217000681674,51x133x120,51x67x60
cross_validation,Emb05,201,scipy_gaussian,0.14,0.8675496688741722,128.71441599781974,51x133x120,51x67x60
cross_validation,Emb05,201,skimage_resize,0.135,0.8702207862143242,108.5700799994811,51x133x120,51x67x60
cross_validation,Emb05,301,splineops_projection,0.135,0.8658554044380816,3.3787779975682497,51x133x120,51x67x60
cross_validation,Emb05,301,splineops_interpolation,0.155,0.8083207370618297,2.4987739998323377,51x133x120,51x67x60
cross_validation,Emb05,301,scipy_gaussian,0.14,0.8614699971289118,100.51595700133475,51x133x120,51x67x60
cross_validation,Emb05,301,skimage_resize,0.135,0.8586584770014658,108.27683699972113,51x133x120,51x67x60
cross_validation,Emb05,351,splineops_projection,0.135,0.8583308583308583,4.924864999338752,51x133x120,51x67x60
cross_validation,Emb05,351,splineops_interpolation,0.155,0.7981023300504444,3.3898750007210765,51x133x120,51x67x60
cross_validation,Emb05,351,scipy_gaussian,0.14,0.8551608659251285,109.39574200165225,51x133x120,51x67x60
cross_validation,Emb05,351,skimage_resize,0.135,0.8554042306577804,111.84263000177452,51x133x120,51x67x60
cross_validation,Emb05,401,splineops_projection,0.135,0.7892656807751147,5.07255499906023,51x133x120,51x67x60
cross_validation,Emb05,401,splineops_interpolation,0.155,0.7157226045526733,3.3556039998074993,51x133x120,51x67x60
cross_validation,Emb05,401,scipy_gaussian,0.14,0.7773760330578512,107.75856700274744,51x133x120,51x67x60
cross_validation,Emb05,401,skimage_resize,0.135,0.785187984129983,108.39530399971409,51x133x120,51x67x60
cross_validation,Emb05,451,splineops_projection,0.135,0.8098310291858679,4.863688998739235,51x133x120,51x67x60
cross_validation,Emb05,451,splineops_interpolation,0.155,0.7083933347047933,2.207409997936338,51x133x120,51x67x60
cross_validation,Emb05,451,scipy_gaussian,0.14,0.7968862769357665,169.58683900156757,51x133x120,51x67x60
cross_validation,Emb05,451,skimage_resize,0.135,0.8041071069055769,110.23905799811473,51x133x120,51x67x60
cross_validation,Emb05,501,splineops_projection,0.135,0.8174853537629563,5.042909000621876,51x133x120,51x67x60
cross_validation,Emb05,501,splineops_interpolation,0.155,0.6970758953017194,3.7756450001324993,51x133x120,51x67x60
cross_validation,Emb05,501,scipy_gaussian,0.14,0.8034033921226122,111.92496600051527,51x133x120,51x67x60
cross_validation,Emb05,501,skimage_resize,0.135,0.8105619348754646,111.9469069999468,51x133x120,51x67x60
cross_validation,Emb06,001,splineops_projection,0.135,0.8792643132601602,3.013520999957109,51x128x122,51x64x61
cross_validation,Emb06,001,splineops_interpolation,0.155,0.826962962962963,2.3740899996482767,51x128x122,51x64x61
cross_validation,Emb06,001,scipy_gaussian,0.14,0.8878224355128974,96.47050999774365,51x128x122,51x64x61
cross_validation,Emb06,001,skimage_resize,0.135,0.8782266297214525,107.76917000112007,51x128x122,51x64x61
cross_validation,Emb06,051,splineops_projection,0.135,0.7547743055555556,4.841494002903346,51x128x122,51x64x61
cross_validation,Emb06,051,splineops_interpolation,0.155,0.7170236753100339,3.3073270024033263,51x128x122,51x64x61
cross_validation,Emb06,051,scipy_gaussian,0.14,0.7564382365779135,110.46306499702041,51x128x122,51x64x61
cross_validation,Emb06,051,skimage_resize,0.135,0.7495414713674343,107.15554200214683,51x128x122,51x64x61
cross_validation,Emb06,101,splineops_projection,0.135,0.8942057291666666,4.974134997610236,51x128x122,51x64x61
cross_validation,Emb06,101,splineops_interpolation,0.155,0.8735709482178884,2.148509000107879,51x128x122,51x64x61
cross_validation,Emb06,101,scipy_gaussian,0.14,0.8902378999179655,124.43067600179347,51x128x122,51x64x61
cross_validation,Emb06,101,skimage_resize,0.135,0.8920840575130352,107.19256199809024,51x128x122,51x64x61
cross_validation,Emb06,151,splineops_projection,0.135,0.9018087855297158,4.710943001555279,51x128x122,51x64x61
cross_validation,Emb06,151,splineops_interpolation,0.155,0.8810792804796802,3.271198998845648,51x128x122,51x64x61
cross_validation,Emb06,151,scipy_gaussian,0.14,0.8991391911645282,123.87666499853367,51x128x122,51x64x61
cross_validation,Emb06,151,skimage_resize,0.135,0.8880150990877634,107.42860400205245,51x128x122,51x64x61
cross_validation,Emb06,201,splineops_projection,0.135,0.8852513779856356,3.8148329986142926,51x128x122,51x64x61
cross_validation,Emb06,201,splineops_interpolation,0.155,0.8623250993263085,2.0720170032291207,51x128x122,51x64x61
cross_validation,Emb06,201,scipy_gaussian,0.14,0.8800939124601711,123.96740700205555,51x128x122,51x64x61
cross_validation,Emb06,201,skimage_resize,0.135,0.8843028924276893,107.54238700246788,51x128x122,51x64x61
cross_validation,Emb06,301,splineops_projection,0.135,0.8786097623306925,2.9267539975990076,51x128x122,51x64x61
cross_validation,Emb06,301,splineops_interpolation,0.155,0.843846766345218,2.647967001394136,51x128x122,51x64x61
cross_validation,Emb06,301,scipy_gaussian,0.14,0.8739481366992959,131.23893400188535,51x128x122,51x64x61
cross_validation,Emb06,301,skimage_resize,0.135,0.873794411013107,107.39778200149885,51x128x122,51x64x61
cross_validation,Emb06,351,splineops_projection,0.135,0.8304916169366298,4.781929001183016,51x128x122,51x64x61
cross_validation,Emb06,351,splineops_interpolation,0.155,0.7855128395428232,3.3048030018107966,51x128x122,51x64x61
cross_validation,Emb06,351,scipy_gaussian,0.14,0.8262055109070034,138.23871800195775,51x128x122,51x64x61
cross_validation,Emb06,351,skimage_resize,0.135,0.8317834836918806,107.08300700207474,51x128x122,51x64x61
cross_validation,Emb06,401,splineops_projection,0.135,0.8413765017308084,4.830361001950223,51x128x122,51x64x61
cross_validation,Emb06,401,splineops_interpolation,0.155,0.7982995201616297,3.184297998814145,51x128x122,51x64x61
cross_validation,Emb06,401,scipy_gaussian,0.14,0.8503415441937487,108.81096299999626,51x128x122,51x64x61
cross_validation,Emb06,401,skimage_resize,0.135,0.8519478448103991,107.58259399881354,51x128x122,51x64x61
cross_validation,Emb06,451,splineops_projection,0.135,0.7349383886255925,4.171850003331201,51x128x122,51x64x61
cross_validation,Emb06,451,splineops_interpolation,0.155,0.6782378580323786,2.5792339984036516,51x128x122,51x64x61
cross_validation,Emb06,451,scipy_gaussian,0.14,0.7504194139908704,147.54503699805355,51x128x122,51x64x61
cross_validation,Emb06,451,skimage_resize,0.135,0.7530382595648912,107.31930800102418,51x128x122,51x64x61
cross_validation,Emb06,501,splineops_projection,0.135,0.685701707493475,3.2879450009204447,51x128x122,51x64x61
cross_validation,Emb06,501,splineops_interpolation,0.155,0.6279272586323847,2.4032649998844136,51x128x122,51x64x61
cross_validation,Emb06,501,scipy_gaussian,0.14,0.7039766271709138,155.62250799848698,51x128x122,51x64x61
cross_validation,Emb06,501,skimage_resize,0.135,0.7122091209682451,108.34012400300708,51x128x122,51x64x61
cross_validation,Emb07,001,splineops_projection,0.14,0.8938547486033519,3.7695709979743697,51x128x135,51x64x68
cross_validation,Emb07,001,splineops_interpolation,0.155,0.8177972283005106,2.796937002131017,51x128x135,51x64x68
cross_validation,Emb07,001,scipy_gaussian,0.14,0.8883241142173718,158.81850100049633,51x128x135,51x64x68
cross_validation,Emb07,001,skimage_resize,0.135,0.8924762179302392,120.80147400047281,51x128x135,51x64x68
cross_validation,Emb07,051,splineops_projection,0.14,0.8422026839426192,5.448763000458712,51x128x135,51x64x68
cross_validation,Emb07,051,splineops_interpolation,0.155,0.8191287878787878,3.7516090014833026,51x128x135,51x64x68
cross_validation,Emb07,051,scipy_gaussian,0.14,0.8324965769055226,180.5271530029131,51x128x135,51x64x68
cross_validation,Emb07,051,skimage_resize,0.135,0.8622540250447227,120.27023499831557,51x128x135,51x64x68
cross_validation,Emb07,101,splineops_projection,0.14,0.8958687915828563,5.333244000212289,51x128x135,51x64x68
cross_validation,Emb07,101,splineops_interpolation,0.155,0.8797207235798159,3.612909000366926,51x128x135,51x64x68
cross_validation,Emb07,101,scipy_gaussian,0.14,0.8933086648165279,137.25357799921767,51x128x135,51x64x68
cross_validation,Emb07,101,skimage_resize,0.135,0.9110447761194029,122.22640199979651,51x128x135,51x64x68
cross_validation,Emb07,151,splineops_projection,0.14,0.8908601298907017,5.5322350017377175,51x128x135,51x64x68
cross_validation,Emb07,151,splineops_interpolation,0.155,0.8767787839586029,3.74831999943126,51x128x135,51x64x68
cross_validation,Emb07,151,scipy_gaussian,0.14,0.8892739014017955,177.75959199934732,51x128x135,51x64x68
cross_validation,Emb07,151,skimage_resize,0.135,0.9067901234567901,119.84759500046493,51x128x135,51x64x68
cross_validation,Emb07,201,splineops_projection,0.14,0.858886346300534,5.501613999513211,51x128x135,51x64x68
cross_validation,Emb07,201,splineops_interpolation,0.155,0.8376826722338204,3.697487998579163,51x128x135,51x64x68
cross_validation,Emb07,201,scipy_gaussian,0.14,0.8593829033889732,174.60087099971133,51x128x135,51x64x68
cross_validation,Emb07,201,skimage_resize,0.135,0.8721246599060104,121.2493729981361,51x128x135,51x64x68
cross_validation,Emb07,301,splineops_projection,0.14,0.8227848101265823,5.431877998489654,51x128x135,51x64x68
cross_validation,Emb07,301,splineops_interpolation,0.155,0.7843731778425655,3.632969001046149,51x128x135,51x64x68
cross_validation,Emb07,301,scipy_gaussian,0.14,0.8227206130959089,120.11879499914357,51x128x135,51x64x68
cross_validation,Emb07,301,skimage_resize,0.135,0.8424900310146212,121.18066599941812,51x128x135,51x64x68
cross_validation,Emb07,351,splineops_projection,0.14,0.8520931625851869,4.037865001009777,51x128x135,51x64x68
cross_validation,Emb07,351,splineops_interpolation,0.155,0.8181678450660929,3.059187001781538,51x128x135,51x64x68
cross_validation,Emb07,351,scipy_gaussian,0.14,0.8537259884894237,119.61452899777214,51x128x135,51x64x68
cross_validation,Emb07,351,skimage_resize,0.135,0.8592041976388282,119.64284300120198,51x128x135,51x64x68
cross_validation,Emb07,401,splineops_projection,0.14,0.8735088662009672,5.293966998578981,51x128x135,51x64x68
cross_validation,Emb07,401,splineops_interpolation,0.155,0.8307776861775213,3.8538010012416635,51x128x135,51x64x68
cross_validation,Emb07,401,scipy_gaussian,0.14,0.8744121419410005,186.43303499993635,51x128x135,51x64x68
cross_validation,Emb07,401,skimage_resize,0.135,0.8809920800333473,121.12473399974988,51x128x135,51x64x68
cross_validation,Emb07,451,splineops_projection,0.14,0.828082112343913,5.558898999879602,51x128x135,51x64x68
cross_validation,Emb07,451,splineops_interpolation,0.155,0.7629805632376426,3.730432999873301,51x128x135,51x64x68
cross_validation,Emb07,451,scipy_gaussian,0.14,0.8256726242871905,160.7770709997567,51x128x135,51x64x68
cross_validation,Emb07,451,skimage_resize,0.135,0.8294869420263011,123.24459299998125,51x128x135,51x64x68
cross_validation,Emb07,501,splineops_projection,0.14,0.7976900743387678,4.867857998760883,51x128x135,51x64x68
cross_validation,Emb07,501,splineops_interpolation,0.155,0.7156828390302953,3.7547409992839675,51x128x135,51x64x68
cross_validation,Emb07,501,scipy_gaussian,0.14,0.7972103344428594,151.24351600024966,51x128x135,51x64x68
cross_validation,Emb07,501,skimage_resize,0.135,0.8051820470313747,121.141224000894,51x128x135,51x64x68
cross_validation,Emb08,001,splineops_projection,0.135,0.7529510961214165,4.649138998502167,51x132x134,51x66x67
cross_validation,Emb08,001,splineops_interpolation,0.155,0.598906324298621,2.2216450015548617,51x132x134,51x66x67
cross_validation,Emb08,001,scipy_gaussian,0.135,0.7327376116978067,109.46985799819231,51x132x134,51x66x67
cross_validation,Emb08,001,skimage_resize,0.13,0.7603755613008573,120.76576300023589,51x132x134,51x66x67
cross_validation,Emb08,051,splineops_projection,0.135,0.8568738229755178,5.449396998301381,51x132x134,51x66x67
cross_validation,Emb08,051,splineops_interpolation,0.155,0.8434093161546086,3.675685999041889,51x132x134,51x66x67
cross_validation,Emb08,051,scipy_gaussian,0.135,0.8564749883122955,142.2400910014403,51x132x134,51x66x67
cross_validation,Emb08,051,skimage_resize,0.13,0.8600770218228498,125.29947499933769,51x132x134,51x66x67
cross_validation,Emb08,101,splineops_projection,0.135,0.8820286659316428,5.560604000493186,51x132x134,51x66x67
cross_validation,Emb08,101,splineops_interpolation,0.155,0.8818828998983002,3.6667250024038367,51x132x134,51x66x67
cross_validation,Emb08,101,scipy_gaussian,0.135,0.8879988951802237,123.90995799796656,51x132x134,51x66x67
cross_validation,Emb08,101,skimage_resize,0.13,0.8918219461697723,121.07565499900375,51x132x134,51x66x67
cross_validation,Emb08,151,splineops_projection,0.135,0.8923707717088886,5.346719997760374,51x132x134,51x66x67
cross_validation,Emb08,151,splineops_interpolation,0.155,0.8771769019248395,3.5224200000811834,51x132x134,51x66x67
cross_validation,Emb08,151,scipy_gaussian,0.135,0.8930762489044698,132.96109500151942,51x132x134,51x66x67
cross_validation,Emb08,151,skimage_resize,0.13,0.8986384266263238,122.50338900048519,51x132x134,51x66x67
cross_validation,Emb08,201,splineops_projection,0.135,0.8855184483010062,5.008469001040794,51x132x134,51x66x67
cross_validation,Emb08,201,splineops_interpolation,0.155,0.8584820078621107,2.864854999643285,51x132x134,51x66x67
cross_validation,Emb08,201,scipy_gaussian,0.135,0.8867951877083635,171.9226239983982,51x132x134,51x66x67
cross_validation,Emb08,201,skimage_resize,0.13,0.8891097543660372,121.84448100015288,51x132x134,51x66x67
cross_validation,Emb08,301,splineops_projection,0.135,0.855067785668173,3.336669000418624,51x132x134,51x66x67
cross_validation,Emb08,301,splineops_interpolation,0.155,0.8085070752742192,2.1611179981846362,51x132x134,51x66x67
cross_validation,Emb08,301,scipy_gaussian,0.135,0.8599421779633794,119.37312299778569,51x132x134,51x66x67
cross_validation,Emb08,301,skimage_resize,0.13,0.8617697195103052,123.58092100112117,51x132x134,51x66x67
cross_validation,Emb08,351,splineops_projection,0.135,0.8162001696352842,3.124963001027936,51x132x134,51x66x67
cross_validation,Emb08,351,splineops_interpolation,0.155,0.7613616875321557,2.1526899981836323,51x132x134,51x66x67
cross_validation,Emb08,351,scipy_gaussian,0.135,0.8206452705563553,107.82181900140131,51x132x134,51x66x67
cross_validation,Emb08,351,skimage_resize,0.13,0.8202283849918434,122.96978200174635,51x132x134,51x66x67
cross_validation,Emb08,401,splineops_projection,0.135,0.7071775096405025,5.60947400299483,51x132x134,51x66x67
cross_validation,Emb08,401,splineops_interpolation,0.155,0.6431077694235589,3.694743998494232,51x132x134,51x66x67
cross_validation,Emb08,401,scipy_gaussian,0.135,0.7120972983009934,131.40188100078376,51x132x134,51x66x67
cross_validation,Emb08,401,skimage_resize,0.13,0.7159469935995673,121.7552739981329,51x132x134,51x66x67
cross_validation,Emb08,451,splineops_projection,0.135,0.6567334981232262,5.451944998640101,51x132x134,51x66x67
cross_validation,Emb08,451,splineops_interpolation,0.155,0.5850243645764224,3.688065000460483,51x132x134,51x66x67
cross_validation,Emb08,451,scipy_gaussian,0.135,0.658328982908505,181.5902560010727,51x132x134,51x66x67
cross_validation,Emb08,451,skimage_resize,0.13,0.6696591262610551,122.68094899991411,51x132x134,51x66x67
cross_validation,Emb08,501,splineops_projection,0.135,0.5715583997576538,4.525115997239482,51x132x134,51x66x67
cross_validation,Emb08,501,splineops_interpolation,0.155,0.5018342456544703,2.2680910005874466,51x132x134,51x66x67
cross_validation,Emb08,501,scipy_gaussian,0.135,0.5817925086343427,178.9789779977582,51x132x134,51x66x67
cross_validation,Emb08,501,skimage_resize,0.13,0.5842796375069355,121.9493690005038,51x132x134,51x66x67
cross_validation,Emb09,001,splineops_projection,0.135,0.8139773895169579,3.1281970004783943,51x125x132,51x63x66
cross_validation,Emb09,001,splineops_interpolation,0.155,0.5950259342997739,2.1102709979459178,51x125x132,51x63x66
cross_validation,Emb09,001,scipy_gaussian,0.135,0.753463476070529,109.74592600177857,51x125x132,51x63x66
cross_validation,Emb09,001,skimage_resize,0.13,0.7779542566709021,116.30812899966259,51x125x132,51x63x66
cross_validation,Emb09,051,splineops_projection,0.135,0.8679661640308937,4.473491000680951,51x125x132,51x63x66
cross_validation,Emb09,051,splineops_interpolation,0.155,0.8640739314593762,2.591693999420386,51x125x132,51x63x66
cross_validation,Emb09,051,scipy_gaussian,0.135,0.8673020527859238,124.84065500029828,51x125x132,51x63x66
cross_validation,Emb09,051,skimage_resize,0.13,0.8621179815209666,116.73892299950239,51x125x132,51x63x66
cross_validation,Emb09,101,splineops_projection,0.135,0.9104807885737276,3.2756469990999904,51x125x132,51x63x66
cross_validation,Emb09,101,splineops_interpolation,0.155,0.8868948247078464,3.057475998502923,51x125x132,51x63x66
cross_validation,Emb09,101,scipy_gaussian,0.135,0.9069069069069069,107.61305699998047,51x125x132,51x63x66
cross_validation,Emb09,101,skimage_resize,0.13,0.8923318297705433,114.34672399991541,51x125x132,51x63x66
cross_validation,Emb09,151,splineops_projection,0.135,0.9026476578411405,4.919833998428658,51x125x132,51x63x66
cross_validation,Emb09,151,splineops_interpolation,0.155,0.8670201484623542,3.6009369978273753,51x125x132,51x63x66
cross_validation,Emb09,151,scipy_gaussian,0.135,0.8909682668836453,155.68735300257686,51x125x132,51x63x66
cross_validation,Emb09,151,skimage_resize,0.13,0.8772763262074426,113.81950299983146,51x125x132,51x63x66
cross_validation,Emb09,201,splineops_projection,0.135,0.9181286549707602,5.049581999628572,51x125x132,51x63x66
cross_validation,Emb09,201,splineops_interpolation,0.155,0.8949706770925893,3.44887400206062,51x125x132,51x63x66
cross_validation,Emb09,201,scipy_gaussian,0.135,0.9173808707576278,139.26905900007114,51x125x132,51x63x66
cross_validation,Emb09,201,skimage_resize,0.13,0.9023904382470119,116.98287400213303,51x125x132,51x63x66
cross_validation,Emb09,301,splineops_projection,0.135,0.8880070546737213,4.617639002390206,51x125x132,51x63x66
cross_validation,Emb09,301,splineops_interpolation,0.155,0.838236977676016,2.265721999719972,51x125x132,51x63x66
cross_validation,Emb09,301,scipy_gaussian,0.135,0.8849284928492849,117.651245000161,51x125x132,51x63x66
cross_validation,Emb09,301,skimage_resize,0.13,0.8817918765405637,114.2267469986109,51x125x132,51x63x66
cross_validation,Emb09,351,splineops_projection,0.135,0.8900977609586881,2.977633001137292,51x125x132,51x63x66
cross_validation,Emb09,351,splineops_interpolation,0.155,0.8346068131168418,2.1143850026419386,51x125x132,51x63x66
cross_validation,Emb09,351,scipy_gaussian,0.135,0.8858082706766918,103.38489900095738,51x125x132,51x63x66
cross_validation,Emb09,351,skimage_resize,0.13,0.8789312977099236,113.90078700060258,51x125x132,51x63x66
cross_validation,Emb09,401,splineops_projection,0.135,0.8372093023255814,3.1296480010496452,51x125x132,51x63x66
cross_validation,Emb09,401,splineops_interpolation,0.155,0.7401440384102427,3.352946001541568,51x125x132,51x63x66
cross_validation,Emb09,401,scipy_gaussian,0.135,0.8254429902515216,150.72275800048374,51x125x132,51x63x66
cross_validation,Emb09,401,skimage_resize,0.13,0.8229590240850798,114.30088699853513,51x125x132,51x63x66
cross_validation,Emb09,451,splineops_projection,0.135,0.7795275590551181,4.404747000080533,51x125x132,51x63x66
cross_validation,Emb09,451,splineops_interpolation,0.155,0.655936552367623,2.113429000019096,51x125x132,51x63x66
cross_validation,Emb09,451,scipy_gaussian,0.135,0.7599041533546326,103.07509699850925,51x125x132,51x63x66
cross_validation,Emb09,451,skimage_resize,0.13,0.76236467014565,113.47491400010767,51x125x132,51x63x66
cross_validation,Emb09,501,splineops_projection,0.135,0.7761461432639088,3.1217139985528775,51x125x132,51x63x66
cross_validation,Emb09,501,splineops_interpolation,0.155,0.6438947781703965,2.5141400001302827,51x125x132,51x63x66
cross_validation,Emb09,501,scipy_gaussian,0.135,0.7513315991576861,108.43628600196098,51x125x132,51x63x66
cross_validation,Emb09,501,skimage_resize,0.13,0.7593858224279015,118.77388900029473,51x125x132,51x63x66
cross_validation,Emb10,001,splineops_projection,0.14,0.82674381227901,3.1351409998023883,51x125x132,51x63x66
cross_validation,Emb10,001,splineops_interpolation,0.155,0.8149117069980379,2.2283280013652984,51x125x132,51x63x66
cross_validation,Emb10,001,scipy_gaussian,0.14,0.82752,121.50401899998542,51x125x132,51x63x66
cross_validation,Emb10,001,skimage_resize,0.135,0.8192392329456146,113.96709499967983,51x125x132,51x63x66
cross_validation,Emb10,051,splineops_projection,0.14,0.8230322239830956,3.707202002260601,51x125x132,51x63x66
cross_validation,Emb10,051,splineops_interpolation,0.155,0.7715899919289749,2.7133440016768873,51x125x132,51x63x66
cross_validation,Emb10,051,scipy_gaussian,0.14,0.8174186778593914,123.80921599833528,51x125x132,51x63x66
cross_validation,Emb10,051,skimage_resize,0.135,0.8069997463860005,116.6424149996601,51x125x132,51x63x66
cross_validation,Emb10,101,splineops_projection,0.14,0.8856649395509499,3.0759090004721656,51x125x132,51x63x66
cross_validation,Emb10,101,splineops_interpolation,0.155,0.8704260208591126,2.3257609973370563,51x125x132,51x63x66
cross_validation,Emb10,101,scipy_gaussian,0.14,0.8825757575757576,100.9150080026302,51x125x132,51x63x66
cross_validation,Emb10,101,skimage_resize,0.135,0.8728698023176551,114.69527399822255,51x125x132,51x63x66
cross_validation,Emb10,151,splineops_projection,0.14,0.8878469617404351,3.845433999231318,51x125x132,51x63x66
cross_validation,Emb10,151,splineops_interpolation,0.155,0.8696659586792818,2.250467001431389,51x125x132,51x63x66
cross_validation,Emb10,151,scipy_gaussian,0.14,0.886175807663411,116.07670699959272,51x125x132,51x63x66
cross_validation,Emb10,151,skimage_resize,0.135,0.8757352941176471,114.56204600108322,51x125x132,51x63x66
cross_validation,Emb10,201,splineops_projection,0.14,0.8995215311004785,3.1617579988960642,51x125x132,51x63x66
cross_validation,Emb10,201,splineops_interpolation,0.155,0.8733683675199186,2.1046230031060986,51x125x132,51x63x66
cross_validation,Emb10,201,scipy_gaussian,0.14,0.895404381485752,124.07272700147587,51x125x132,51x63x66
cross_validation,Emb10,201,skimage_resize,0.135,0.8903330625507717,113.7872189974587,51x125x132,51x63x66
cross_validation,Emb10,301,splineops_projection,0.14,0.8766450599096445,3.362714000104461,51x125x132,51x63x66
cross_validation,Emb10,301,splineops_interpolation,0.155,0.8386774547997203,3.155546000925824,51x125x132,51x63x66
cross_validation,Emb10,301,scipy_gaussian,0.14,0.8772238514173998,175.4018259998702,51x125x132,51x63x66
cross_validation,Emb10,301,skimage_resize,0.135,0.8729654242511798,114.92597100004787,51x125x132,51x63x66
cross_validation,Emb10,351,splineops_projection,0.14,0.8528270219238435,3.0439910005952697,51x125x132,51x63x66
cross_validation,Emb10,351,splineops_interpolation,0.155,0.809452201933405,2.0548439970298205,51x125x132,51x63x66
cross_validation,Emb10,351,scipy_gaussian,0.14,0.8534725848563969,103.34583599978941,51x125x132,51x63x66
cross_validation,Emb10,351,skimage_resize,0.135,0.8496036921842078,117.07779000062146,51x125x132,51x63x66
cross_validation,Emb10,401,splineops_projection,0.14,0.8280337443218689,3.411063000385184,51x125x132,51x63x66
cross_validation,Emb10,401,splineops_interpolation,0.155,0.7646425495262704,2.4318550022144336,51x125x132,51x63x66
cross_validation,Emb10,401,scipy_gaussian,0.14,0.823781927452243,182.5959569978295,51x125x132,51x63x66
cross_validation,Emb10,401,skimage_resize,0.135,0.8260054177953741,115.49322200153256,51x125x132,51x63x66
cross_validation,Emb10,451,splineops_projection,0.14,0.7855750487329435,3.098352000961313,51x125x132,51x63x66
cross_validation,Emb10,451,splineops_interpolation,0.155,0.7343732713795774,3.4068490022036713,51x125x132,51x63x66
cross_validation,Emb10,451,scipy_gaussian,0.14,0.7839446067294169,104.43795700120972,51x125x132,51x63x66
cross_validation,Emb10,451,skimage_resize,0.135,0.7949286846275753,114.40330500045093,51x125x132,51x63x66
cross_validation,Emb10,501,splineops_projection,0.14,0.6610531309297912,5.150236000190489,51x125x132,51x63x66
cross_validation,Emb10,501,splineops_interpolation,0.155,0.5062790467714823,3.481750998616917,51x125x132,51x63x66
cross_validation,Emb10,501,scipy_gaussian,0.14,0.634777715250422,115.96832500072196,51x125x132,51x63x66
cross_validation,Emb10,501,skimage_resize,0.135,0.6475638309733527,114.58586499793455,51x125x132,51x63x66
cross_validation,Emb11,001,splineops_projection,0.135,0.900122174709835,4.479579001781531,51x129x127,51x65x64
cross_validation,Emb11,001,splineops_interpolation,0.155,0.8174119744465904,3.5775569995166734,51x129x127,51x65x64
cross_validation,Emb11,001,scipy_gaussian,0.14,0.8872295032002439,114.10574900219217,51x129x127,51x65x64
cross_validation,Emb11,001,skimage_resize,0.135,0.8879892037786775,115.42594200000167,51x129x127,51x65x64
cross_validation,Emb11,051,splineops_projection,0.135,0.872346002621232,5.166710001503816,51x129x127,51x65x64
cross_validation,Emb11,051,splineops_interpolation,0.155,0.8556812062466344,3.6731340005644597,51x129x127,51x65x64
cross_validation,Emb11,051,scipy_gaussian,0.14,0.8723348249539352,140.29741099875537,51x129x127,51x65x64
cross_validation,Emb11,051,skimage_resize,0.135,0.8763287529167747,117.64385599963134,51x129x127,51x65x64
cross_validation,Emb11,101,splineops_projection,0.135,0.907755686906681,4.40935500228079,51x129x127,51x65x64
cross_validation,Emb11,101,splineops_interpolation,0.155,0.8842883548983365,2.5972660005209036,51x129x127,51x65x64
cross_validation,Emb11,101,scipy_gaussian,0.14,0.9047962495492247,119.95816200214904,51x129x127,51x65x64
cross_validation,Emb11,101,skimage_resize,0.135,0.903672166045769,115.99967299844138,51x129x127,51x65x64
cross_validation,Emb11,151,splineops_projection,0.135,0.9098812907540546,3.1934719991113525,51x129x127,51x65x64
cross_validation,Emb11,151,splineops_interpolation,0.155,0.8815493688397026,2.268418000312522,51x129x127,51x65x64
cross_validation,Emb11,151,scipy_gaussian,0.14,0.9013989549974718,108.14770400247653,51x129x127,51x65x64
cross_validation,Emb11,151,skimage_resize,0.135,0.9070459808137612,114.9001630001294,51x129x127,51x65x64
cross_validation,Emb11,201,splineops_projection,0.135,0.8841111693759832,5.237744000623934,51x129x127,51x65x64
cross_validation,Emb11,201,splineops_interpolation,0.155,0.8487144790257104,3.656423999927938,51x129x127,51x65x64
cross_validation,Emb11,201,scipy_gaussian,0.14,0.8736481139541018,142.1558539987018,51x129x127,51x65x64
cross_validation,Emb11,201,skimage_resize,0.135,0.8844012944983819,114.81548899973859,51x129x127,51x65x64
cross_validation,Emb11,301,splineops_projection,0.135,0.8801526717557252,3.225517000828404,51x129x127,51x65x64
cross_validation,Emb11,301,splineops_interpolation,0.155,0.8316862745098039,2.5814049986365717,51x129x127,51x65x64
cross_validation,Emb11,301,scipy_gaussian,0.14,0.8694113120430935,115.2873829996679,51x129x127,51x65x64
cross_validation,Emb11,301,skimage_resize,0.135,0.8761402186204297,115.31779799770447,51x129x127,51x65x64
cross_validation,Emb11,351,splineops_projection,0.135,0.8661919227130123,5.339772000297671,51x129x127,51x65x64
cross_validation,Emb11,351,splineops_interpolation,0.155,0.7852998065764023,3.6816419997194316,51x129x127,51x65x64
cross_validation,Emb11,351,scipy_gaussian,0.14,0.8543148470529719,139.3918389985629,51x129x127,51x65x64
cross_validation,Emb11,351,skimage_resize,0.135,0.8588963031513321,114.5596630012733,51x129x127,51x65x64
cross_validation,Emb11,401,splineops_projection,0.135,0.829765625,5.262024998955894,51x129x127,51x65x64
cross_validation,Emb11,401,splineops_interpolation,0.155,0.7211187521610511,3.5143720015184954,51x129x127,51x65x64
cross_validation,Emb11,401,scipy_gaussian,0.14,0.8137678620098898,187.95690900151385,51x129x127,51x65x64
cross_validation,Emb11,401,skimage_resize,0.135,0.8164230930667379,159.37446400130284,51x129x127,51x65x64
cross_validation,Emb11,451,splineops_projection,0.135,0.7933147632311978,6.025803999364143,51x129x127,51x65x64
cross_validation,Emb11,451,splineops_interpolation,0.155,0.6745922389207549,4.297887000575429,51x129x127,51x65x64
cross_validation,Emb11,451,scipy_gaussian,0.14,0.7769982296242869,168.60833399914554,51x129x127,51x65x64
cross_validation,Emb11,451,skimage_resize,0.135,0.7802500801538955,119.45995399946696,51x129x127,51x65x64
cross_validation,Emb11,501,splineops_projection,0.135,0.7351606222183052,5.291224999382393,51x129x127,51x65x64
cross_validation,Emb11,501,splineops_interpolation,0.155,0.602836427037486,3.8382749989978038,51x129x127,51x65x64
cross_validation,Emb11,501,scipy_gaussian,0.14,0.7145705958407294,164.84304199912003,51x129x127,51x65x64
cross_validation,Emb11,501,skimage_resize,0.135,0.7247811520587918,114.11718400268,51x129x127,51x65x64
