sample,method,roc_auc,average_precision,top_prevalence_dice,positive_voxels,total_voxels,source_depth,normalization_low,normalization_high
mv01,splineops_projection,0.9962687885310162,0.9845884011119667,0.9314918471647603,16436,90112,22,36.0,2219.0
mv01,splineops_interpolation,0.9572100991077719,0.8842411713393614,0.8004989048430275,16436,90112,22,36.0,2219.0
mv01,scipy_gaussian,0.9950918293194314,0.979410881340653,0.9181065952786566,16436,90112,22,36.0,2219.0
mv01,skimage_resize,0.9948322205510753,0.9779711569567142,0.9164466818098103,16289,90112,22,36.0,2219.0
mv01,torch_area,0.9957046646393511,0.9815940494379848,0.9245503100251704,16289,90112,22,36.0,2219.0
mv01,opencv_area,0.9957046284648007,0.9815937045097354,0.9245503100251704,16289,90112,22,36.0,2219.0
mv01,scipy_polyphase,0.9959737080166114,0.9823174454905589,0.9245089885483975,15631,90112,22,36.0,2219.0
mv02,splineops_interpolation,0.9772340060080729,0.887478432735667,0.8115376274127087,13833,249856,61,158.0,4095.0
mv02,scipy_gaussian,0.9912673918907573,0.8772482182867445,0.7886214125641582,13833,249856,61,158.0,4095.0
mv02,skimage_resize,0.9907589123296826,0.8691048109670007,0.7761890866647213,13708,249856,61,158.0,4095.0
mv02,torch_area,0.9932345011127656,0.8960007121032086,0.8038371753720456,13708,249856,61,158.0,4095.0
mv02,opencv_area,0.9932344964790124,0.8960000504569691,0.8038371753720456,13708,249856,61,158.0,4095.0
mv02,scipy_polyphase,0.9914722335144271,0.8831504336773465,0.7861121157323689,13825,249856,61,158.0,4095.0
mv02,splineops_projection,0.9936320972219403,0.9097906140874178,0.8194896262560544,13833,249856,61,158.0,4095.0
mv03,scipy_gaussian,0.9890952399147687,0.752409899619085,0.6752507118979819,8077,262144,64,149.0,3942.0
mv03,skimage_resize,0.9886579051147819,0.7425525911944165,0.6665011790989201,8057,262144,64,149.0,3942.0
mv03,torch_area,0.9924200009814579,0.799011038250885,0.7100657813081792,8057,262144,64,149.0,3942.0
mv03,opencv_area,0.9924200022026506,0.7990105208834268,0.7100657813081792,8057,262144,64,149.0,3942.0
mv03,scipy_polyphase,0.9897376774054713,0.7636675240587731,0.6808431952662722,8112,262144,64,149.0,3942.0
mv03,splineops_projection,0.9932607915463797,0.8185906551330943,0.7258883248730964,8077,262144,64,149.0,3942.0
mv03,splineops_interpolation,0.9758427969805528,0.842411748051056,0.7704593289587718,8077,262144,64,149.0,3942.0
mv04,skimage_resize,0.9884008436159427,0.8190131421539725,0.7245413453868652,11283,237568,58,140.0,4095.0
mv04,torch_area,0.9920231712558542,0.858565398985108,0.7600815385978906,11283,237568,58,140.0,4095.0
mv04,opencv_area,0.9920232131644802,0.858565475287725,0.7600815385978906,11283,237568,58,140.0,4095.0
mv04,scipy_polyphase,0.9887186430645252,0.8199726390966047,0.7185756045708211,11289,237568,58,140.0,4095.0
mv04,splineops_projection,0.9921128715016763,0.8665187524840942,0.7668370944992948,11344,237568,58,140.0,4095.0
mv04,splineops_interpolation,0.9840149141249568,0.9070827297940973,0.8322461212976022,11344,237568,58,140.0,4095.0
mv04,scipy_gaussian,0.9883407404683886,0.817944551007018,0.723466149506347,11344,237568,58,140.0,4095.0
mv05,torch_area,0.9950922541653326,0.8783483477833022,0.791410471399292,10734,290816,71,155.0,2648.0
mv05,opencv_area,0.995092248011794,0.8783473070794108,0.791410471399292,10734,290816,71,155.0,2648.0
mv05,scipy_polyphase,0.9938934839430826,0.8537363439599432,0.766089700678971,10457,290816,71,155.0,2648.0
mv05,splineops_projection,0.9952582938017672,0.8804678856870775,0.7901165501165501,10725,290816,71,155.0,2648.0
mv05,splineops_interpolation,0.9748260285270757,0.831960697303202,0.7617715617715618,10725,290816,71,155.0,2648.0
mv05,scipy_gaussian,0.9941282722808726,0.8737336698559018,0.7837762237762238,10725,290816,71,155.0,2648.0
mv05,skimage_resize,0.9939962726612229,0.86978305682408,0.7804173653810322,10734,290816,71,155.0,2648.0
mv07,opencv_area,0.9924034288644297,0.8393251311695145,0.7548093438680865,11644,290816,71,161.0,3237.0
mv07,scipy_polyphase,0.9906023644437955,0.8251447564364955,0.7390743289745354,11624,290816,71,161.0,3237.0
mv07,splineops_projection,0.9926283225000592,0.8592671609522963,0.7751738346639196,11649,290816,71,161.0,3237.0
mv07,splineops_interpolation,0.9412487166427661,0.6682467002283917,0.6107820413769423,11649,290816,71,161.0,3237.0
mv07,scipy_gaussian,0.9907502835295525,0.8193155403494137,0.7390333934243283,11649,290816,71,161.0,3237.0
mv07,skimage_resize,0.9901752763716947,0.8070482804794737,0.7293026451391275,11644,290816,71,161.0,3237.0
mv07,torch_area,0.9924034757777087,0.8393266668647705,0.7548093438680865,11644,290816,71,161.0,3237.0
mv08,scipy_polyphase,0.9935678632765722,0.7995820440052206,0.7076848249027238,4112,208896,51,143.0,1641.0
mv08,splineops_projection,0.9953831334201747,0.8432599006741766,0.7532467532467533,4081,208896,51,143.0,1641.0
mv08,splineops_interpolation,0.964389109330817,0.699015447243738,0.6432246998284734,4081,208896,51,143.0,1641.0
mv08,scipy_gaussian,0.9926398733150708,0.7869851823676733,0.6978681695662827,4081,208896,51,143.0,1641.0
mv08,skimage_resize,0.9926544268592422,0.7834775531031866,0.6965028124235755,4089,208896,51,143.0,1641.0
mv08,torch_area,0.9947645715993786,0.8240659113305467,0.7309855710442651,4089,208896,51,143.0,1641.0
mv08,opencv_area,0.9947645327913613,0.8240637068813629,0.7309855710442651,4089,208896,51,143.0,1641.0
mv09,splineops_projection,0.9686478757374559,0.7662482909320942,0.702332361516035,13720,307200,75,184.0,1883.0
mv09,splineops_interpolation,0.8897695568131652,0.5920385474108947,0.5575072886297376,13720,307200,75,184.0,1883.0
mv09,scipy_gaussian,0.9711227523413618,0.7456935345203662,0.6800291545189504,13720,307200,75,184.0,1883.0
mv09,skimage_resize,0.9720997424354132,0.7536767473146838,0.6830043616470762,13527,307200,75,184.0,1883.0
mv09,torch_area,0.9742640593006887,0.7729476636084482,0.7080653507799216,13527,307200,75,184.0,1883.0
mv09,opencv_area,0.9742638781811562,0.7729449811938813,0.7080283876691063,13527,307200,75,184.0,1883.0
mv09,scipy_polyphase,0.967880269344292,0.7335484676999806,0.6733022836538461,13312,307200,75,184.0,1883.0
mv10,splineops_interpolation,0.9602194658679513,0.7833712157908327,0.7122784262862084,13878,249856,61,153.0,2127.0
mv10,scipy_gaussian,0.9953515869114601,0.9298619499139487,0.8455108805303357,13878,249856,61,153.0,2127.0
mv10,skimage_resize,0.9953219586096147,0.9300631338657797,0.8459668192219679,13984,249856,61,153.0,2127.0
mv10,torch_area,0.9961265028149503,0.9374020489084351,0.8599113272311213,13984,249856,61,153.0,2127.0
mv10,opencv_area,0.9961265063014533,0.9374015174243813,0.8599113272311213,13984,249856,61,153.0,2127.0
mv10,scipy_polyphase,0.994770674570416,0.9192689156669414,0.8361371608561815,13969,249856,61,153.0,2127.0
mv10,splineops_projection,0.9958000828338507,0.9317973770343378,0.856463467358409,13878,249856,61,153.0,2127.0
mv11,scipy_gaussian,0.9897951549434996,0.8103326219696648,0.720578313253012,10375,274432,67,160.0,2174.0
mv11,skimage_resize,0.9892569098432289,0.7997348171335731,0.7108935840279124,10318,274432,67,160.0,2174.0
mv11,torch_area,0.9922107073366468,0.840004282698156,0.7532467532467533,10318,274432,67,160.0,2174.0
mv11,opencv_area,0.9922107203635566,0.8400033027587868,0.7532467532467533,10318,274432,67,160.0,2174.0
mv11,scipy_polyphase,0.9911296137528418,0.8213660733364083,0.7317767095065241,10193,274432,67,160.0,2174.0
mv11,splineops_projection,0.993358949379814,0.8613518194532196,0.7706987951807229,10375,274432,67,160.0,2174.0
mv11,splineops_interpolation,0.948756323011858,0.6908687055102231,0.6303614457831326,10375,274432,67,160.0,2174.0
mv12,skimage_resize,0.9929031612274624,0.837978956149174,0.7492329149232915,3585,94208,23,104.0,2090.0
mv12,torch_area,0.9946854819061193,0.8723695836572276,0.7835425383542538,3585,94208,23,104.0,2090.0
mv12,opencv_area,0.9946855326935624,0.8723701271438523,0.7835425383542538,3585,94208,23,104.0,2090.0
mv12,scipy_polyphase,0.9934874135006725,0.847700694980516,0.7554621848739496,3570,94208,23,104.0,2090.0
mv12,splineops_projection,0.9952135190305339,0.8859616526037011,0.7878703186137507,3578,94208,23,104.0,2090.0
mv12,splineops_interpolation,0.9717636148846158,0.8135347711847033,0.7481833426495249,3578,94208,23,104.0,2090.0
mv12,scipy_gaussian,0.9930104093406893,0.8420120110108938,0.7459474566797093,3578,94208,23,104.0,2090.0
mv13,torch_area,0.9967050112283534,0.9339023547090365,0.8637402088772846,6128,151552,37,104.0,1148.0
mv13,opencv_area,0.9967049657818807,0.933900584104852,0.8637402088772846,6128,151552,37,104.0,1148.0
mv13,scipy_polyphase,0.9964074353973251,0.9325348146108375,0.8553212358999509,6117,151552,37,104.0,1148.0
mv13,splineops_projection,0.9959530905697169,0.9330199479035276,0.8651277823577906,6065,151552,37,104.0,1148.0
mv13,splineops_interpolation,0.9463486466589561,0.7229673562989136,0.6654575432811212,6065,151552,37,104.0,1148.0
mv13,scipy_gaussian,0.9960213877793769,0.9167098012080913,0.8400659521846661,6065,151552,37,104.0,1148.0
mv13,skimage_resize,0.996315592748041,0.9216850917166223,0.8459530026109661,6128,151552,37,104.0,1148.0
mv14,opencv_area,0.9964733225679814,0.8898092685309189,0.8092660550458716,5450,229376,56,127.0,1414.0
mv14,scipy_polyphase,0.9963429957034349,0.8781031669860896,0.7899669239250275,5442,229376,56,127.0,1414.0
mv14,splineops_projection,0.9973914899341496,0.9118720325825481,0.8301920985864444,5518,229376,56,127.0,1414.0
mv14,splineops_interpolation,0.9308506487784736,0.5442333364598144,0.5179412830735773,5518,229376,56,127.0,1414.0
mv14,scipy_gaussian,0.9958734669735799,0.8650866440991388,0.7830735773831098,5518,229376,56,127.0,1414.0
mv14,skimage_resize,0.9955244434043455,0.8566031133316953,0.7757798165137615,5450,229376,56,127.0,1414.0
mv14,torch_area,0.9964732713551258,0.8898111270993683,0.8093577981651376,5450,229376,56,127.0,1414.0
mv15,scipy_polyphase,0.9938675283449839,0.8828895063236755,0.7969974979149291,5995,159744,39,160.0,1494.0
mv15,splineops_projection,0.9944229787046788,0.9054396268063549,0.8241758241758241,6006,159744,39,160.0,1494.0
mv15,splineops_interpolation,0.9239467255653885,0.6107302069590562,0.5697635697635698,6006,159744,39,160.0,1494.0
mv15,scipy_gaussian,0.9940708978585105,0.8786987840173722,0.795038295038295,6006,159744,39,160.0,1494.0
mv15,skimage_resize,0.9938431767268971,0.8806141505185425,0.8000652848049616,6127,159744,39,160.0,1494.0
mv15,torch_area,0.9945145864947004,0.8993794130344223,0.8155704259833524,6127,159744,39,160.0,1494.0
mv15,opencv_area,0.9945145684328699,0.899378023128502,0.8155704259833524,6127,159744,39,160.0,1494.0
mv16,splineops_projection,0.9969164918981396,0.8916984441064023,0.8045582266625039,3203,159744,39,169.0,1547.0
mv16,splineops_interpolation,0.9318100211813972,0.5134045769698264,0.48985326256634404,3203,159744,39,169.0,1547.0
mv16,scipy_gaussian,0.9950275979104246,0.8383976450885527,0.7627224477052763,3203,159744,39,169.0,1547.0
mv16,skimage_resize,0.9947569306431123,0.8349251755576254,0.7569399612653325,3098,159744,39,169.0,1547.0
mv16,torch_area,0.995992942832361,0.8660169073270745,0.7850225952227243,3098,159744,39,169.0,1547.0
mv16,opencv_area,0.9959929521051801,0.8660153053593446,0.7850225952227243,3098,159744,39,169.0,1547.0
mv16,scipy_polyphase,0.996201513875641,0.8641314568265815,0.7789808917197453,3140,159744,39,169.0,1547.0
mv17,splineops_interpolation,0.9086234143018737,0.5036162142592385,0.48614834673815904,3357,143360,35,18.0,2207.0
mv17,scipy_gaussian,0.9972298563728594,0.8908277909294453,0.8144176347929699,3357,143360,35,18.0,2207.0
mv17,skimage_resize,0.9971213796304301,0.8804961864754093,0.8073148974130241,3363,143360,35,18.0,2207.0
mv17,torch_area,0.9975610061020996,0.8984339287692092,0.8245614035087719,3363,143360,35,18.0,2207.0
mv17,opencv_area,0.99756096468411,0.8984312048443278,0.8245614035087719,3363,143360,35,18.0,2207.0
mv17,scipy_polyphase,0.9971398339997987,0.8835110089157052,0.8085043116265239,3363,143360,35,18.0,2207.0
mv17,splineops_projection,0.9977172804997406,0.9113431072068993,0.8406315162347334,3357,143360,35,18.0,2207.0
mv18,scipy_gaussian,0.9972546709854081,0.8403908226310823,0.746160409556314,2344,167936,41,143.0,1377.0
mv18,skimage_resize,0.9971210934156208,0.8402848579110423,0.7504159733777038,2404,167936,41,143.0,1377.0
mv18,torch_area,0.99747129162493,0.8674455867450187,0.7841098169717138,2404,167936,41,143.0,1377.0
mv18,opencv_area,0.9974713067026204,0.8674455297808749,0.7841098169717138,2404,167936,41,143.0,1377.0
mv18,scipy_polyphase,0.9970171546936093,0.8275700619162695,0.7397914856646395,2302,167936,41,143.0,1377.0
mv18,splineops_projection,0.9974652635277594,0.8705221403682327,0.78839590443686,2344,167936,41,143.0,1377.0
mv18,splineops_interpolation,0.9328757146043559,0.5515612831962207,0.5324232081911263,2344,167936,41,143.0,1377.0
mv19,skimage_resize,0.9970205095671076,0.9546908166788798,0.8889150943396227,8480,135168,33,140.0,3245.0
mv19,torch_area,0.9975279090594573,0.9637550511850077,0.8985849056603774,8480,135168,33,140.0,3245.0
mv19,opencv_area,0.9975278983549544,0.9637547809283391,0.8985849056603774,8480,135168,33,140.0,3245.0
mv19,scipy_polyphase,0.9976071871675581,0.9657649555529302,0.9013416608836456,8646,135168,33,140.0,3245.0
mv19,splineops_projection,0.9977675818082602,0.9704291101422097,0.9101704879482657,8505,135168,33,140.0,3245.0
mv19,splineops_interpolation,0.9269497859733367,0.6775455359752568,0.6123456790123457,8505,135168,33,140.0,3245.0
mv19,scipy_gaussian,0.9972648145393497,0.9595741839500624,0.8920634920634921,8505,135168,33,140.0,3245.0
mv20,torch_area,0.9892036035532823,0.9393636308319139,0.8656053566548237,14636,126976,31,145.0,2175.0
mv20,opencv_area,0.9892036309220783,0.9393628695483222,0.8656053566548237,14636,126976,31,145.0,2175.0
mv20,scipy_polyphase,0.9890431545086824,0.939267096261331,0.8671815209072566,14373,126976,31,145.0,2175.0
mv20,splineops_projection,0.9873012307782436,0.9349899945685441,0.8599498611017007,14759,126976,31,145.0,2175.0
mv20,splineops_interpolation,0.8928815949090023,0.6474178159332092,0.5914357341283285,14759,126976,31,145.0,2175.0
mv20,scipy_gaussian,0.9887273370675712,0.9369407931099325,0.8616437428010028,14759,126976,31,145.0,2175.0
mv20,skimage_resize,0.9894918498887951,0.9390173630979709,0.8635556162886034,14636,126976,31,145.0,2175.0
mv21,opencv_area,0.9955944579363465,0.9707436748539434,0.9122553447756699,16605,126976,31,171.0,3580.0
mv21,scipy_polyphase,0.9949592348009044,0.9667914215035416,0.9019679522329861,16413,126976,31,171.0,3580.0
mv21,splineops_projection,0.996493681831034,0.9776731533809538,0.9222974998501109,16679,126976,31,171.0,3580.0
mv21,splineops_interpolation,0.9862711711469092,0.9489562228489793,0.8775705977576593,16679,126976,31,171.0,3580.0
mv21,scipy_gaussian,0.9940084537991312,0.9610483124482784,0.8931590622939025,16679,126976,31,171.0,3580.0
mv21,skimage_resize,0.993794591519368,0.9593363102889871,0.8919602529358627,16605,126976,31,171.0,3580.0
mv21,torch_area,0.9955944663937654,0.9707439376645759,0.9122553447756699,16605,126976,31,171.0,3580.0
mv22,scipy_polyphase,0.9922721063598439,0.8986699507873234,0.8093282863925065,15587,249856,61,155.0,3056.2170000020415
mv22,splineops_projection,0.9940934906452763,0.9261576053089678,0.8462813077560385,15691,249856,61,155.0,3056.2170000020415
mv22,splineops_interpolation,0.9838179935358082,0.9145831715406614,0.8391434580332675,15691,249856,61,155.0,3056.2170000020415
mv22,scipy_gaussian,0.9907480247544296,0.8812869275323099,0.7914728188133325,15691,249856,61,155.0,3056.2170000020415
mv22,skimage_resize,0.9907955884712691,0.8824188962275629,0.7935931728442237,15702,249856,61,155.0,3056.2170000020415
mv22,torch_area,0.9934513697137183,0.9125090707998548,0.8296395363647943,15702,249856,61,155.0,3056.2170000020415
mv22,opencv_area,0.9934513612822126,0.9125084124504033,0.8296395363647943,15702,249856,61,155.0,3056.2170000020415
mv23,splineops_projection,0.9948171654429596,0.9038485052041261,0.8118866367054939,10903,249856,61,151.0,3170.0
mv23,splineops_interpolation,0.9908784635493358,0.9242994882576189,0.8517839126845822,10903,249856,61,151.0,3170.0
mv23,scipy_gaussian,0.9917508471607446,0.8554048052868308,0.7599743189947721,10903,249856,61,151.0,3170.0
mv23,skimage_resize,0.9918498112678882,0.852117505578776,0.7593950078871671,10777,249856,61,151.0,3170.0
mv23,torch_area,0.9942990865642443,0.887506497745623,0.7955831864155145,10777,249856,61,151.0,3170.0
mv23,opencv_area,0.994299115478829,0.8875064886815159,0.7955831864155145,10777,249856,61,151.0,3170.0
mv23,scipy_polyphase,0.9925675429186864,0.8643042956579294,0.7688484621155289,10664,249856,61,151.0,3170.0
mv24,splineops_interpolation,0.9470325147186472,0.7397240657321907,0.6739947197400488,19696,413696,101,176.0,3594.0
mv24,scipy_gaussian,0.990346380851893,0.847912811057965,0.7606112916328188,19696,413696,101,176.0,3594.0
mv24,skimage_resize,0.9902368275325587,0.8454301768717167,0.7593285468702599,19778,413696,101,176.0,3594.0
mv24,torch_area,0.9928639073555929,0.8780745401830308,0.7901456163413895,19778,413696,101,176.0,3594.0
mv24,opencv_area,0.9928639026064688,0.8780737097031014,0.7901203357265648,19778,413696,101,176.0,3594.0
mv24,scipy_polyphase,0.9907463167701388,0.853553324251718,0.7660253164556962,19750,413696,101,176.0,3594.0
mv24,splineops_projection,0.9926881291055516,0.8862727514492136,0.7983854589764419,19696,413696,101,176.0,3594.0
mv25,scipy_gaussian,0.9956782129795838,0.946582273655313,0.8740753786544558,11356,217088,53,146.0,1491.0
mv25,skimage_resize,0.9955450713120083,0.9464619655602634,0.8730906869162958,11457,217088,53,146.0,1491.0
mv25,torch_area,0.9952144905358523,0.9493090886809917,0.8775421139914463,11457,217088,53,146.0,1491.0
mv25,opencv_area,0.9952145743674222,0.9493079560811944,0.8775421139914463,11457,217088,53,146.0,1491.0
mv25,scipy_polyphase,0.9947075025568725,0.9488061641694301,0.8777319406653208,11393,217088,53,146.0,1491.0
mv25,splineops_projection,0.9937548821795862,0.9433515712919918,0.8676470588235294,11356,217088,53,146.0,1491.0
mv25,splineops_interpolation,0.8682822164253988,0.5025315205979277,0.47595984501585065,11356,217088,53,146.0,1491.0
mv26,skimage_resize,0.9964257207601694,0.9536564534450421,0.885400643266676,14302,212992,52,172.0,2194.0
mv26,torch_area,0.9971819905769449,0.9624875298791978,0.8974968535869109,14302,212992,52,172.0,2194.0
mv26,opencv_area,0.997182001837951,0.962487039274536,0.8974968535869109,14302,212992,52,172.0,2194.0
mv26,scipy_polyphase,0.9969482280329283,0.9583325332240346,0.8916039210115073,14078,212992,52,172.0,2194.0
mv26,splineops_projection,0.9976681736707816,0.9684371971324631,0.9059618497923558,14207,212992,52,172.0,2194.0
mv26,splineops_interpolation,0.9543366569209276,0.788756089565682,0.7102836629830366,14207,212992,52,172.0,2194.0
mv26,scipy_gaussian,0.9965814365984201,0.9552058454405468,0.8855493770676427,14207,212992,52,172.0,2194.0
mv27,torch_area,0.9950270542498622,0.9125981462500187,0.8301626869588035,15244,331776,81,150.0,1581.0
mv27,opencv_area,0.9950270477216541,0.9125968509273675,0.8301626869588035,15244,331776,81,150.0,1581.0
mv27,scipy_polyphase,0.994980637061677,0.9137841608228355,0.8312410095462273,15294,331776,81,150.0,1581.0
mv27,splineops_projection,0.9959984225627849,0.929563324232088,0.8516901501620692,15117,331776,81,150.0,1581.0
mv27,splineops_interpolation,0.9511289888337116,0.6922922706840049,0.6260501422239863,15117,331776,81,150.0,1581.0
mv27,scipy_gaussian,0.9933391368433467,0.8882436120419649,0.8022755837798505,15117,331776,81,150.0,1581.0
mv27,skimage_resize,0.9933641007892929,0.8875028608059441,0.8034636578325899,15244,331776,81,150.0,1581.0
mv29,opencv_area,0.9944053731493854,0.9100651166621709,0.823388161844159,8329,184320,45,160.0,1760.0
mv29,scipy_polyphase,0.9944702310664798,0.9090761850961263,0.8209690994348924,8317,184320,45,160.0,1760.0
mv29,splineops_projection,0.9949494073005704,0.9244865270203084,0.8407905905177641,8247,184320,45,160.0,1760.0
mv29,splineops_interpolation,0.9387004972889017,0.6980087259454673,0.634776282284467,8247,184320,45,160.0,1760.0
mv29,scipy_gaussian,0.9932513630222756,0.8864551151201051,0.7909542864071784,8247,184320,45,160.0,1760.0
mv29,skimage_resize,0.9931955427716151,0.8862873842665931,0.7922919918357546,8329,184320,45,160.0,1760.0
mv29,torch_area,0.994405388157957,0.9100662366839238,0.823388161844159,8329,184320,45,160.0,1760.0
mv30,scipy_polyphase,0.9948437162718365,0.9333952193259107,0.8539479067230329,7333,110592,27,158.0,2058.0
mv30,splineops_projection,0.9959114663032134,0.9478563613591873,0.8728974498100922,7372,110592,27,158.0,2058.0
mv30,splineops_interpolation,0.9492546289983423,0.7627061033222846,0.689636462289745,7372,110592,27,158.0,2058.0
mv30,scipy_gaussian,0.9934762213954296,0.9162967686857958,0.8297612588171459,7372,110592,27,158.0,2058.0
mv30,skimage_resize,0.9932707207267135,0.9154372887457926,0.8289508988462571,7454,110592,27,158.0,2058.0
mv30,torch_area,0.9949129961585433,0.9363619265320727,0.8585994097129058,7454,110592,27,158.0,2058.0
mv30,opencv_area,0.9949130150193346,0.9363614541315443,0.8585994097129058,7454,110592,27,158.0,2058.0
mv31,splineops_projection,0.9938190153937807,0.93112031200346,0.848813559322034,5900,86016,21,184.0,2283.0
mv31,splineops_interpolation,0.9438027148769876,0.7384344866005484,0.658135593220339,5900,86016,21,184.0,2283.0
mv31,scipy_gaussian,0.9923706483649556,0.9121760023118698,0.8277966101694916,5900,86016,21,184.0,2283.0
mv31,skimage_resize,0.9929038635409683,0.9177231849225812,0.8311005596065796,5897,86016,21,184.0,2283.0
mv31,torch_area,0.9939802247649923,0.9299471517793086,0.8483974902492792,5897,86016,21,184.0,2283.0
mv31,opencv_area,0.9939802226484188,0.9299465540608464,0.8483974902492792,5897,86016,21,184.0,2283.0
mv31,scipy_polyphase,0.993272345399184,0.9229826230478326,0.8422897196261683,5992,86016,21,184.0,2283.0
mv32,splineops_interpolation,0.929248469329349,0.6684008922951158,0.610852435530086,5584,102400,25,177.0,2818.0
mv32,scipy_gaussian,0.9923470823557901,0.911576046855139,0.8275429799426934,5584,102400,25,177.0,2818.0
mv32,skimage_resize,0.9920193488620964,0.9114568309639278,0.834698966868543,5614,102400,25,177.0,2818.0
mv32,torch_area,0.9930552983579822,0.9288789596993146,0.8548272176701104,5614,102400,25,177.0,2818.0
mv32,opencv_area,0.9930552569487128,0.9288784200942926,0.8548272176701104,5614,102400,25,177.0,2818.0
mv32,scipy_polyphase,0.9935596692756901,0.9294149662829927,0.8535940803382663,5676,102400,25,177.0,2818.0
mv32,splineops_projection,0.9940493225133523,0.9383338885208309,0.8613896848137536,5584,102400,25,177.0,2818.0
mv33,scipy_gaussian,0.9881282027994513,0.8432248237798847,0.7653678435785624,7109,176128,43,155.0,3740.0
mv33,skimage_resize,0.9887391680755483,0.848211288018534,0.7674839788241851,7178,176128,43,155.0,3740.0
mv33,torch_area,0.9931607310028151,0.8874725944665882,0.8112287545277236,7178,176128,43,155.0,3740.0
mv33,opencv_area,0.9931607046159177,0.8874713209298938,0.8112287545277236,7178,176128,43,155.0,3740.0
mv33,scipy_polyphase,0.990709593871519,0.8548877732933048,0.7756563245823389,7123,176128,43,155.0,3740.0
mv33,splineops_projection,0.9936562989576871,0.8904951349922201,0.8146012097341399,7109,176128,43,155.0,3740.0
mv33,splineops_interpolation,0.99683558587754,0.9553470843538915,0.8836685891123928,7109,176128,43,155.0,3740.0
mv34,skimage_resize,0.9919047571443185,0.7917907220025918,0.6927175843694494,11260,450560,110,147.0,3014.0
mv34,torch_area,0.9942082543720654,0.8298770625432267,0.7244227353463588,11260,450560,110,147.0,3014.0
mv34,opencv_area,0.9942082492169239,0.8298763181707705,0.7244227353463588,11260,450560,110,147.0,3014.0
mv34,scipy_polyphase,0.9920096417379094,0.7995627470578248,0.6989442713741779,11556,450560,110,147.0,3014.0
mv34,splineops_projection,0.9949943727467937,0.8488669747135893,0.7447296462909059,11337,450560,110,147.0,3014.0
mv34,splineops_interpolation,0.9930420923328289,0.9308212602103607,0.8638087677516098,11337,450560,110,147.0,3014.0
mv34,scipy_gaussian,0.9918054848069949,0.7890596006041701,0.6895122166357943,11337,450560,110,147.0,3014.0
mv36,torch_area,0.9863036259222094,0.8440775059856149,0.7542732296619972,7781,102400,25,154.0,2687.0
mv36,opencv_area,0.9863035906071794,0.8440762886893782,0.7542732296619972,7781,102400,25,154.0,2687.0
mv36,scipy_polyphase,0.9814783936227902,0.8104854791490715,0.7214593958415064,7647,102400,25,154.0,2687.0
mv36,splineops_projection,0.9881356606328972,0.868435371247258,0.7753180661577608,7860,102400,25,154.0,2687.0
mv36,splineops_interpolation,0.99564996654485,0.9677424436147973,0.9082697201017812,7860,102400,25,154.0,2687.0
mv36,scipy_gaussian,0.9809866059629296,0.8066244371375026,0.7221374045801526,7860,102400,25,154.0,2687.0
mv36,skimage_resize,0.9799569174020527,0.7961094839130755,0.7095489011695155,7781,102400,25,154.0,2687.0
mv37,opencv_area,0.9782508747401253,0.9025471776334489,0.8157555893714152,8543,61440,15,152.0,2869.0
mv37,scipy_polyphase,0.9736742927117719,0.8905322655123998,0.8053283477448002,8558,61440,15,152.0,2869.0
mv37,splineops_projection,0.9757848419785363,0.8998830751737901,0.811546967756955,8591,61440,15,152.0,2869.0
mv37,splineops_interpolation,0.9794222974912752,0.9222449622463109,0.8373879641485276,8591,61440,15,152.0,2869.0
mv37,scipy_gaussian,0.9718891621301161,0.8816707722334175,0.8002560819462228,8591,61440,15,152.0,2869.0
mv37,skimage_resize,0.9736711264449579,0.888021260340299,0.8062741425728667,8543,61440,15,152.0,2869.0
mv37,torch_area,0.9782508249502465,0.9025481876685064,0.8157555893714152,8543,61440,15,152.0,2869.0
mv39,scipy_polyphase,0.9931653907799161,0.9671825754324763,0.9011857707509882,3289,20480,5,154.0,3457.0
mv39,splineops_projection,0.9959599073722839,0.9795658891155634,0.9254529254529255,3367,20480,5,154.0,3457.0
mv39,splineops_interpolation,0.9982204105969664,0.9938030049685654,0.9649539649539649,3367,20480,5,154.0,3457.0
mv39,scipy_gaussian,0.9909135576756684,0.9575123039859494,0.8832788832788833,3367,20480,5,154.0,3457.0
mv39,skimage_resize,0.9904541800379613,0.9549003159404695,0.8762361402457297,3337,20480,5,154.0,3457.0
mv39,torch_area,0.9940127721490843,0.9700166722979281,0.9029068025172311,3337,20480,5,154.0,3457.0
mv39,opencv_area,0.9940127721490843,0.970016435587557,0.9029068025172311,3337,20480,5,154.0,3457.0
mv40,splineops_projection,0.9942746558653359,0.9027594778339041,0.8282442748091603,1834,40960,10,158.0,1317.0
mv40,splineops_interpolation,0.994438444572246,0.9553323312082218,0.8909487459105779,1834,40960,10,158.0,1317.0
mv40,scipy_gaussian,0.989628647674702,0.8377564391514183,0.7546346782988005,1834,40960,10,158.0,1317.0
mv40,skimage_resize,0.9885941688682218,0.828886812365206,0.7385800770500826,1817,40960,10,158.0,1317.0
mv40,torch_area,0.9922076991001666,0.8806713961187861,0.7941662080352229,1817,40960,10,158.0,1317.0
mv40,opencv_area,0.9922074249266034,0.8806708027183856,0.7941662080352229,1817,40960,10,158.0,1317.0
mv40,scipy_polyphase,0.9905836708986406,0.8485934586472477,0.7670704845814978,1816,40960,10,158.0,1317.0
mv41,splineops_interpolation,0.9745022438932489,0.8362484880900292,0.7620611462975995,12789,327680,80,196.0,1609.0
mv41,scipy_gaussian,0.9933661963892911,0.8590436558555711,0.7565095003518649,12789,327680,80,196.0,1609.0
mv41,skimage_resize,0.993345071926056,0.8574821614876109,0.7537977174340811,12705,327680,80,196.0,1609.0
mv41,torch_area,0.9952813805959438,0.89063297010779,0.794883903974813,12705,327680,80,196.0,1609.0
mv41,opencv_area,0.9952813616042877,0.8906312363574106,0.794883903974813,12705,327680,80,196.0,1609.0
mv41,scipy_polyphase,0.9942885576993021,0.8716575086473631,0.7752562798341028,12779,327680,80,196.0,1609.0
mv41,splineops_projection,0.996027587808827,0.9055341942142308,0.8149190710767066,12789,327680,80,196.0,1609.0
mv42,scipy_gaussian,0.9958542369784061,0.9746476236676154,0.916170903190914,18490,126976,31,175.0,2911.0
mv42,skimage_resize,0.9963268284364654,0.978349434411681,0.9197315436241611,18625,126976,31,175.0,2911.0
mv42,torch_area,0.9973368810872494,0.984070764988208,0.9332259507829977,18625,126976,31,175.0,2911.0
mv42,opencv_area,0.9973368862903246,0.9840705663853035,0.9332348993288591,18625,126976,31,175.0,2911.0
mv42,scipy_polyphase,0.9971083032963592,0.9817348642833226,0.9317455066710773,18138,126976,31,175.0,2911.0
mv42,splineops_projection,0.9973810314973163,0.9836042485792911,0.934559221200649,18490,126976,31,175.0,2911.0
mv42,splineops_interpolation,0.9735906688535287,0.9091366718462527,0.8259058950784207,18490,126976,31,175.0,2911.0
mv43,skimage_resize,0.9807546005549833,0.7445346277295175,0.6784140969162996,8853,192512,47,151.0,4095.0
mv43,torch_area,0.986358750165252,0.7816972974399843,0.7129786513046424,8853,192512,47,151.0,4095.0
mv43,opencv_area,0.9863587320218244,0.7816962898087205,0.7129786513046424,8853,192512,47,151.0,4095.0
mv43,scipy_polyphase,0.9805611932055578,0.7270655067281114,0.6585893060295791,8790,192512,47,151.0,4095.0
mv43,splineops_projection,0.985193001329885,0.7827612449655681,0.7142697508101464,8949,192512,47,151.0,4095.0
mv43,splineops_interpolation,0.9871873584589005,0.8965867543111675,0.8196446530338586,8949,192512,47,151.0,4095.0
mv43,scipy_gaussian,0.9811669477508658,0.7512706722764393,0.6908034417253325,8949,192512,47,151.0,4095.0
mv45,torch_area,0.9868090670609713,0.8418501099471305,0.743110908676839,21955,319488,78,151.0,4095.0
mv45,opencv_area,0.986809064305449,0.8418494725312576,0.743110908676839,21955,319488,78,151.0,4095.0
mv45,scipy_polyphase,0.9815335083490765,0.8107074038664911,0.7107490670792755,21974,319488,78,151.0,4095.0
mv45,splineops_projection,0.9872539666891299,0.8550225031325027,0.7534788540245566,21990,319488,78,151.0,4095.0
mv45,splineops_interpolation,0.9875148658716225,0.9298749644180379,0.8554342883128695,21990,319488,78,151.0,4095.0
mv45,scipy_gaussian,0.9811222079179924,0.8016181601139779,0.7054570259208731,21990,319488,78,151.0,4095.0
mv45,skimage_resize,0.9811729110550185,0.8011054564287086,0.705488499202915,21955,319488,78,151.0,4095.0
mv46,opencv_area,0.9913423483814411,0.8911019286058727,0.8109259976753197,10324,167936,41,0.0,4095.0
mv46,scipy_polyphase,0.9910453238417861,0.8910744023580494,0.8082347373402745,10565,167936,41,0.0,4095.0
mv46,splineops_projection,0.9924567365927282,0.9074268144810879,0.8255636224684754,10468,167936,41,0.0,4095.0
mv46,splineops_interpolation,0.9807285544627373,0.8772732428988965,0.7905043943446695,10468,167936,41,0.0,4095.0
mv46,scipy_gaussian,0.9883929404890085,0.8657654831131244,0.7841994650363011,10468,167936,41,0.0,4095.0
mv46,skimage_resize,0.9880321677710696,0.8596587769237684,0.7815769081751259,10324,167936,41,0.0,4095.0
mv46,torch_area,0.991342317346273,0.8911032031012935,0.8109259976753197,10324,167936,41,0.0,4095.0
mv47,scipy_polyphase,0.9839132673475728,0.9124254864857767,0.8110178384050367,9530,69632,17,117.0,4095.0
mv47,splineops_projection,0.9860788881159508,0.9230065722263749,0.8256156598610819,9502,69632,17,117.0,4095.0
mv47,splineops_interpolation,0.9881568474577446,0.9423251985560599,0.8588718164596927,9502,69632,17,117.0,4095.0
mv47,scipy_gaussian,0.976355852574106,0.8793890263992042,0.768680277836245,9502,69632,17,117.0,4095.0
mv47,skimage_resize,0.9768684838742104,0.8802656968129321,0.7718667371760973,9455,69632,17,117.0,4095.0
mv47,torch_area,0.9829813481570808,0.9068064543076062,0.8058170280274987,9455,69632,17,117.0,4095.0
mv47,opencv_area,0.9829814131864675,0.9068062953364731,0.8058170280274987,9455,69632,17,117.0,4095.0
mv49,splineops_projection,0.9924206159514464,0.8794302657731653,0.7879670894754885,5834,110592,27,174.0,2513.0
mv49,splineops_interpolation,0.9791875326507129,0.8606666490277962,0.7792252314021255,5834,110592,27,174.0,2513.0
mv49,scipy_gaussian,0.9868491662744223,0.820385837949706,0.728830990743915,5834,110592,27,174.0,2513.0
mv49,skimage_resize,0.9865846150803609,0.8190440530335789,0.7228445349626612,5892,110592,27,174.0,2513.0
mv49,torch_area,0.990880782450878,0.8623004572986432,0.7686693822131704,5892,110592,27,174.0,2513.0
mv49,opencv_area,0.9908807492197991,0.862298829843185,0.7686693822131704,5892,110592,27,174.0,2513.0
mv49,scipy_polyphase,0.9880705522503845,0.8255894157516358,0.7322057787174067,5676,110592,27,174.0,2513.0
mv50,splineops_interpolation,0.9897791989910469,0.9190514028382829,0.8433556050482554,5388,98304,24,170.0,3568.545000000857
mv50,scipy_gaussian,0.9838221196861064,0.7754198485756116,0.687268002969562,5388,98304,24,170.0,3568.545000000857
mv50,skimage_resize,0.9826692688523334,0.7644860633642622,0.6816151842203201,5374,98304,24,170.0,3568.545000000857
mv50,torch_area,0.9879242977184367,0.8149189892010168,0.7223669519910682,5374,98304,24,170.0,3568.545000000857
mv50,opencv_area,0.9879243467767356,0.8149188009715468,0.7223669519910682,5374,98304,24,170.0,3568.545000000857
mv50,scipy_polyphase,0.983841682368331,0.7784090944894341,0.6886864085041762,5268,98304,24,170.0,3568.545000000857
mv50,splineops_projection,0.989882835117688,0.8461202362890019,0.7475872308834447,5388,98304,24,170.0,3568.545000000857
mv51,scipy_gaussian,0.9875564694776422,0.9075026676233321,0.8211264201111916,12411,114688,28,192.0,3901.0
mv51,skimage_resize,0.9872623028681896,0.9049582055771545,0.8154252340187215,12499,114688,28,192.0,3901.0
mv51,torch_area,0.9911464269244016,0.9276736467875437,0.8469477558204657,12499,114688,28,192.0,3901.0
mv51,opencv_area,0.9911464034366289,0.9276730698716932,0.8468677494199536,12499,114688,28,192.0,3901.0
mv51,scipy_polyphase,0.9873693187048087,0.9035656229162712,0.8176190476190476,12600,114688,28,192.0,3901.0
mv51,splineops_projection,0.9915475839846697,0.9320569062087398,0.8532753202803964,12411,114688,28,192.0,3901.0
mv51,splineops_interpolation,0.9891895071894455,0.9462148205088432,0.870598662476835,12411,114688,28,192.0,3901.0
mv52,skimage_resize,0.9849082005591279,0.8078138110596709,0.7191867852604829,5509,94208,23,188.0,2061.0
mv52,torch_area,0.9896257335760019,0.8511998176239393,0.7574877473225631,5509,94208,23,188.0,2061.0
mv52,opencv_area,0.9896257192506089,0.8511987095930585,0.7574877473225631,5509,94208,23,188.0,2061.0
mv52,scipy_polyphase,0.9867882296533782,0.8277013607850223,0.7327180600796236,5526,94208,23,188.0,2061.0
mv52,splineops_projection,0.9908267015641676,0.8653064213771285,0.775684000724769,5519,94208,23,188.0,2061.0
mv52,splineops_interpolation,0.9842590245915339,0.8879152964840171,0.8092045660445732,5519,94208,23,188.0,2061.0
mv52,scipy_gaussian,0.9849837026576115,0.805554199631344,0.7133538684544302,5519,94208,23,188.0,2061.0
mv53,torch_area,0.9870803999214897,0.839419534003332,0.753296220334017,6826,163840,40,179.0,3098.0
mv53,opencv_area,0.9870804447069019,0.8394186371538326,0.753296220334017,6826,163840,40,179.0,3098.0
mv53,scipy_polyphase,0.9843939164332826,0.8132327432784914,0.726703444162815,6707,163840,40,179.0,3098.0
mv53,splineops_projection,0.986324892594571,0.8492347922892457,0.7627219817937622,6701,163840,40,179.0,3098.0
mv53,splineops_interpolation,0.9633677146193245,0.8337182277069892,0.7725712580211909,6701,163840,40,179.0,3098.0
mv53,scipy_gaussian,0.9859109758943897,0.8236902137827126,0.7337710789434413,6701,163840,40,179.0,3098.0
mv53,skimage_resize,0.9847033833785309,0.8145238329785133,0.7254614708467624,6826,163840,40,179.0,3098.0
mv54,opencv_area,0.9957276310889432,0.9410828324603532,0.8699037372593431,7064,122880,30,184.0,3772.0
mv54,scipy_polyphase,0.9951451150388192,0.9343629659134595,0.8601983002832861,7060,122880,30,184.0,3772.0
mv54,splineops_projection,0.996053239384945,0.9416572414518374,0.8720896809427997,6958,122880,30,184.0,3772.0
mv54,splineops_interpolation,0.9942668727813474,0.9325697663378938,0.8631790744466801,6958,122880,30,184.0,3772.0
mv54,scipy_gaussian,0.9953294231718656,0.9349542904009462,0.8628916355274504,6958,122880,30,184.0,3772.0
mv54,skimage_resize,0.9950574681920187,0.9334132723137941,0.8580124575311439,7064,122880,30,184.0,3772.0
mv54,torch_area,0.9957276133654734,0.9410830484201728,0.8699037372593431,7064,122880,30,184.0,3772.0
mv55,scipy_polyphase,0.9846671157362997,0.9629856139219722,0.8971353422151066,17489,73728,18,196.0,2570.0
mv55,splineops_projection,0.9869168593729912,0.9689870780091253,0.9094551727975959,17969,73728,18,196.0,2570.0
mv55,splineops_interpolation,0.9839004075950268,0.9667675743621619,0.9038900328343258,17969,73728,18,196.0,2570.0
mv55,scipy_gaussian,0.981728243910518,0.9583234153881915,0.8879737325393734,17969,73728,18,196.0,2570.0
mv55,skimage_resize,0.9813432223758946,0.958313584591522,0.8888826501965188,17810,73728,18,196.0,2570.0
mv55,torch_area,0.9849635452200913,0.9658030647323332,0.902751263335205,17810,73728,18,196.0,2570.0
mv55,opencv_area,0.9849635276480385,0.9658027131485466,0.902751263335205,17810,73728,18,196.0,2570.0
mv56,splineops_projection,0.9738554021690891,0.8929308304001551,0.8299264104660671,3669,45056,11,184.0,1929.0
mv56,splineops_interpolation,0.9341811412361668,0.7714678797772615,0.7187244480784954,3669,45056,11,184.0,1929.0
mv56,scipy_gaussian,0.9706163171952582,0.8817352286087693,0.8160261651676206,3669,45056,11,184.0,1929.0
mv56,skimage_resize,0.9696696561048792,0.8801662985375069,0.8125167875369326,3723,45056,11,184.0,1929.0
mv56,torch_area,0.9718498516133312,0.8893226582332544,0.828095621810368,3723,45056,11,184.0,1929.0
mv56,opencv_area,0.9718499848316341,0.8893218699301378,0.828095621810368,3723,45056,11,184.0,1929.0
mv56,scipy_polyphase,0.9732532242920717,0.8875168539157409,0.8235135862254507,3717,45056,11,184.0,1929.0
mv57,splineops_interpolation,0.9918884445797729,0.9858345324301699,0.9477998491325119,19885,53248,13,158.0,2408.0
mv57,scipy_gaussian,0.9877546348597623,0.9770792022088461,0.926829268292683,19885,53248,13,158.0,2408.0
mv57,skimage_resize,0.9883445271151735,0.9780652186357377,0.9276235818476499,19744,53248,13,158.0,2408.0
mv57,torch_area,0.9920217789012638,0.9846544757563828,0.9429193679092382,19744,53248,13,158.0,2408.0
mv57,opencv_area,0.9920217645400283,0.9846542493315873,0.9429193679092382,19744,53248,13,158.0,2408.0
mv57,scipy_polyphase,0.9920870638696091,0.9847370048398617,0.9438609014888844,19612,53248,13,158.0,2408.0
mv57,splineops_projection,0.9932226004046241,0.9874297455168654,0.9505657530802112,19885,53248,13,158.0,2408.0
mv59,scipy_gaussian,0.9720574837893896,0.9113611119771154,0.8422403213209863,17926,122880,30,204.0,3611.0
mv59,skimage_resize,0.9726668727155005,0.9102642312068585,0.8399977661119178,17906,122880,30,204.0,3611.0
mv59,torch_area,0.9765357784253539,0.9235688363601368,0.8590975092147883,17906,122880,30,204.0,3611.0
mv59,opencv_area,0.9765357433127038,0.9235683584882446,0.8590975092147883,17906,122880,30,204.0,3611.0
mv59,scipy_polyphase,0.9767682791489009,0.9238562080022429,0.8560248654048954,18017,122880,30,204.0,3611.0
mv59,splineops_projection,0.9780637142785628,0.9305469297396654,0.865223697422738,17926,122880,30,204.0,3611.0
mv59,splineops_interpolation,0.9707375404668499,0.9161063036338406,0.8407899140912641,17926,122880,30,204.0,3611.0
mv60,skimage_resize,0.9916508567602195,0.9042218786753365,0.8161410688493019,16616,229376,56,150.0,4095.0
mv60,torch_area,0.9938646166240465,0.9252184066148562,0.840515166104959,16616,229376,56,150.0,4095.0
mv60,opencv_area,0.9938646300602676,0.9252181185176476,0.8404850746268657,16616,229376,56,150.0,4095.0
mv60,scipy_polyphase,0.9915135077647982,0.9097214634571014,0.823348786802336,16609,229376,56,150.0,4095.0
mv60,splineops_projection,0.9936390475727335,0.9315409259874704,0.8507516105941303,16764,229376,56,150.0,4095.0
mv60,splineops_interpolation,0.9811897566244289,0.9028778719307226,0.8327368169887855,16764,229376,56,150.0,4095.0
mv60,scipy_gaussian,0.9917779533037943,0.9071415922146832,0.8198520639465522,16764,229376,56,150.0,4095.0
mv61,torch_area,0.9684034570609231,0.8946657176684831,0.8257332722273144,26184,143360,35,158.0,4095.0
mv61,opencv_area,0.9684035142617702,0.8946653837705085,0.8257332722273144,26184,143360,35,158.0,4095.0
mv61,scipy_polyphase,0.9660147978927002,0.8901120895113313,0.8203142792074698,26346,143360,35,158.0,4095.0
mv61,splineops_projection,0.9683513658860273,0.8979852162582682,0.8272864132480241,26570,143360,35,158.0,4095.0
mv61,splineops_interpolation,0.9644586283317096,0.8985952793908072,0.8246518630033873,26570,143360,35,158.0,4095.0
mv61,scipy_gaussian,0.960773684551271,0.8703491347688075,0.8025592773805044,26570,143360,35,158.0,4095.0
mv61,skimage_resize,0.9638428772011198,0.8781525911346855,0.8102658111824015,26184,143360,35,158.0,4095.0
mv62,opencv_area,0.9924848630372101,0.8623883764485413,0.7742362778375693,12079,237568,58,203.0,3333.0
mv62,scipy_polyphase,0.9888189417176663,0.8242691255051738,0.732639467110741,12010,237568,58,203.0,3333.0
mv62,splineops_projection,0.9919461008968444,0.862866906157722,0.7733912027376679,11981,237568,58,203.0,3333.0
mv62,splineops_interpolation,0.9928716403427021,0.9356180745051308,0.8663717552791921,11981,237568,58,203.0,3333.0
mv62,scipy_gaussian,0.989954250052354,0.8371107267309433,0.7451798681245305,11981,237568,58,203.0,3333.0
mv62,skimage_resize,0.9898565745770159,0.8355809271484944,0.7445980627535392,12079,237568,58,203.0,3333.0
mv62,torch_area,0.992484938486557,0.862390403084009,0.7742362778375693,12079,237568,58,203.0,3333.0
mv63,scipy_polyphase,0.9904134639539249,0.7765167610952114,0.6871002963656216,6411,221184,54,188.0,2839.0
mv63,splineops_projection,0.9930597729873312,0.8340008853998321,0.7431755774511387,6191,221184,54,188.0,2839.0
mv63,splineops_interpolation,0.9832907550506186,0.8338835866565123,0.7737037635277015,6191,221184,54,188.0,2839.0
mv63,scipy_gaussian,0.9904918234227117,0.7770765914197305,0.6864803747375222,6191,221184,54,188.0,2839.0
mv63,skimage_resize,0.9901542147495682,0.7706461446540652,0.6866403162055336,6325,221184,54,188.0,2839.0
mv63,torch_area,0.9926808148305442,0.8117998016514858,0.7217391304347827,6325,221184,54,188.0,2839.0
mv63,opencv_area,0.9926808475756148,0.8117994918922158,0.7217391304347827,6325,221184,54,188.0,2839.0
mv64,splineops_projection,0.985857793792671,0.9144605149357726,0.8638891064296342,12769,122880,30,176.0,4028.0
mv64,splineops_interpolation,0.9758544720390756,0.8963530687508495,0.812044795990289,12769,122880,30,176.0,4028.0
mv64,scipy_gaussian,0.9793440014278048,0.8878804130336404,0.8315451484062965,12769,122880,30,176.0,4028.0
mv64,skimage_resize,0.9786172092586641,0.887481940139404,0.8333727810650887,12675,122880,30,176.0,4028.0
mv64,torch_area,0.9841169081790999,0.9152368591272817,0.8639842209072979,12675,122880,30,176.0,4028.0
mv64,opencv_area,0.9841168791852587,0.9152363109238137,0.8639842209072979,12675,122880,30,176.0,4028.0
mv64,scipy_polyphase,0.9806168416872936,0.8812068452499385,0.83412248699837,12883,122880,30,176.0,4028.0
mv65,splineops_interpolation,0.9249884238322501,0.694005292872501,0.6551916635653144,5374,126976,31,200.0,3174.0
mv65,scipy_gaussian,0.9646187690021135,0.676794945512519,0.6017863788611835,5374,126976,31,200.0,3174.0
mv65,skimage_resize,0.9623058294422239,0.6679923782829769,0.5926806953339433,5465,126976,31,200.0,3174.0
mv65,torch_area,0.9670459994649712,0.6997199741862019,0.6162854528819762,5465,126976,31,200.0,3174.0
mv65,opencv_area,0.9670460529241879,0.699718915052197,0.6162854528819762,5465,126976,31,200.0,3174.0
mv65,scipy_polyphase,0.9657944709257185,0.6886328545557071,0.6046511627906976,5418,126976,31,200.0,3174.0
mv65,splineops_projection,0.969645621414359,0.7163923987864904,0.6270934127279494,5374,126976,31,200.0,3174.0
mv66,scipy_gaussian,0.9841377704108063,0.842429157789584,0.7542033626901521,2498,40960,10,0.0,3913.0
mv66,skimage_resize,0.9846540968849858,0.8500181776345046,0.7678428227746592,2494,40960,10,0.0,3913.0
mv66,torch_area,0.9879171249495122,0.8724540342248366,0.7846832397754611,2494,40960,10,0.0,3913.0
mv66,opencv_area,0.9879171562209449,0.8724531653596271,0.7846832397754611,2494,40960,10,0.0,3913.0
mv66,scipy_polyphase,0.9837685960901724,0.8488463720706206,0.7528397963180572,2553,40960,10,0.0,3913.0
mv66,splineops_projection,0.9872619534970705,0.8705587804615259,0.77662129703763,2498,40960,10,0.0,3913.0
mv66,splineops_interpolation,0.9768878125744317,0.8950196894490371,0.8214571657325861,2498,40960,10,0.0,3913.0
mv67,skimage_resize,0.9862441205350472,0.8528633614981506,0.8071942446043165,2780,36864,9,0.0,4028.0
mv67,torch_area,0.9891585557982437,0.8735922311200874,0.8284172661870504,2780,36864,9,0.0,4028.0
mv67,opencv_area,0.9891586138435807,0.873592113105244,0.8285971223021583,2780,36864,9,0.0,4028.0
mv67,scipy_polyphase,0.9854040854178723,0.8525237304399451,0.8049122807017544,2850,36864,9,0.0,4028.0
mv67,splineops_projection,0.9887213219564929,0.8839851195479721,0.8266429840142095,2815,36864,9,0.0,4028.0
mv67,splineops_interpolation,0.9810292730876258,0.9087650289566317,0.8326820603907638,2815,36864,9,0.0,4028.0
mv67,scipy_gaussian,0.9862092490568524,0.8565613282429753,0.805683836589698,2815,36864,9,0.0,4028.0
mv69,torch_area,0.9911097476229159,0.8769571579134781,0.7795882091541994,6751,151552,37,149.0,4095.0
mv69,opencv_area,0.9911097655247851,0.8769567517668589,0.7795882091541994,6751,151552,37,149.0,4095.0
mv69,scipy_polyphase,0.9889504242646522,0.8609505862220891,0.7616446669701108,6591,151552,37,149.0,4095.0
mv69,splineops_projection,0.9902135914690657,0.8807583023349482,0.7813571961222968,6705,151552,37,149.0,4095.0
mv69,splineops_interpolation,0.9865168593874417,0.9017449904269759,0.8280387770320656,6705,151552,37,149.0,4095.0
mv69,scipy_gaussian,0.9891336111002611,0.8626208548346036,0.767337807606264,6705,151552,37,149.0,4095.0
mv69,skimage_resize,0.9892044368512285,0.8619738188509686,0.7707006369426752,6751,151552,37,149.0,4095.0
mv70,opencv_area,0.9940153762460944,0.9131600098725656,0.8116515837104072,3536,61440,15,151.0,3325.0
mv70,scipy_polyphase,0.9932937640019662,0.908648778505708,0.8072768618533257,3518,61440,15,151.0,3325.0
mv70,splineops_projection,0.995034190265796,0.9249160739581651,0.8325842696629213,3560,61440,15,151.0,3325.0
mv70,splineops_interpolation,0.9938993840413719,0.9451874642937218,0.878370786516854,3560,61440,15,151.0,3325.0
mv70,scipy_gaussian,0.9924687143295311,0.9015624773275359,0.8070224719101123,3560,61440,15,151.0,3325.0
mv70,skimage_resize,0.9921381272435325,0.896826562863884,0.8003393665158371,3536,61440,15,151.0,3325.0
mv70,torch_area,0.9940154519487083,0.9131604578888062,0.8116515837104072,3536,61440,15,151.0,3325.0
